Removed loans ,Unnamed: 1,Unnamed: 2,Unnamed: 3,Unnamed: 4,Unnamed: 5,Unnamed: 6,Unnamed: 7,Unnamed: 8,Unnamed: 9,Unnamed: 10
 #,INVENTORY #,ARTIST LAST NAME,ARTIST FIRST NAME,ARTWORK TITLE,DATE ACQUIRED,Medium ,Dimensions ,Replacement Value,Credit Line,KEEP / REMOVE
1,L.2019.SEB.10,Carbajal,Enrique (Sebastian),(Blue Horizontal Figure),2019,Painted Steel,174 x 60 x 51 in.,200000,Courtesy the Artist,Remove- Returned 
2,L.2019.SEB.11,Carbajal,Enrique (Sebastian),Cancer,2019,Painted Steel,2 pieces - 39.3 x 96.4 x 88.5 in.,110000,Courtesy the Artist,Remove- Returned 
3,L.2019.SEB.12,Carbajal,Enrique (Sebastian),Espejo Cosmico,2019,Painted Steel,82.6 x 37.7 x 27.9  in.,98500,Courtesy the Artist,Remove- Returned 
4,L.2019.SEB.13,Carbajal,Enrique (Sebastian),Protocolo,2019,Painted Steel,81.8 x 39.3 x 47.2  in.,93600,Courtesy the Artist,Remove- Returned 
5,Williams_SAALM_Loan,Williams,Bernice Appelin,The Crutch Series,2022,Assemblage,60 x 27 in. ,1500,Courtesy the Artist,Remove- Returned 
6,Williams_Blanton Collection Loan,Williams,Bernice Appelin,"""Slave Narratives: Transbluency #5"" (Commissioned work from Crutches Series)",2022,Assemblage (crutches...),60 x 27 in. ,7500,Courtesy the Artist,Remove- Returned 
7,Wanjiku_Proposed Display 2,Wanjiku,Naomi,Emerging Voices ,2022,"Hand painted fabrics, Yarns, Galvanized steel wire, Stainless steel wire, Beads","62"" x 72""",18000,Courtesy the Artist,Remove- Returned 
8,Wanjiku_Proposed Display 1,Wanjiku,Naomi,Voices of Africa,2022,"Hand painted fabrics, Yarns, Galvanized steel wire, Stainless steel wire, Beads","69"" x 72""",18000,Courtesy the Artist,Remove- Returned 
9,TNewsome3_OurBlackMen,Newsome,Theresa,90% of our black men,2022,Photography - Archival Pigment Print,"11""x14"" (16x20 framed)",500,Courtesy the Artist,Remove- Returned 
10,TNewsome2_IWasWaiting.,Newsome,Theresa,I was waiting.,2022,Photography - Silver Gelatin Prints,"11""x14"" (16x20 framed)",500,Courtesy the Artist,Remove- Returned 
11,TNewsome1_It'sRaining,Newsome,Theresa,It's raining...would you like to get something to eat?,2022,Photography - Silver Gelatin Prints,"18"" x 24"" (framed)",1000,Courtesy the Artist,Remove- Returned 
12,Stewart-Serenity,Stewart,Don,Serenity,2022,Acrylic on canvas,20 x 16 in.,500,Courtesy the Artist,Remove- Returned 
13,Stewart-Now,Stewart,Don,Now,2022,Acrylic on canvas,16 x 20 in. ,500,Courtesy the Artist,Remove- Returned 
14,Stewart - Brain What Are you Thinking,Stewart,Don,Brain what are you thinking?,2022,Acrylic on canvas,20 x 16 in.,500,Courtesy the Artist,Remove- Returned 
15,Pressley_ContemplatingFlight_61x84,Pressley,Calvin,Contemplating Flight,2022,Oil on Canvas,60 x 84.5 in. ,13000,Courtesy the Artist,Remove- Returned 
16,Picquet3_EarthDreamSubstantia,Picquet,Wardell,Earth Dream Substantia,2022,Mixed media/Collage,"16"" x 20""",1500,Courtesy the Artist,Remove- Returned 
17,Picquet2_EarthDreamPerpetuan,Picquet,Wardell,Earth Dream Perpetuan,2022,Mixed media/Collage,"16"" x 20""",1500,Courtesy the Artist,Remove- Returned 
18,Picquet1_EarthDreamEternas,Picquet,Wardell,Earth Dream Eternas,2022,Mixed media/Collage,"16"" x 20""",1500,Courtesy the Artist,Remove- Returned 
19,Kedwards_GaiaoftheFight,Edwards,Kwanzaa,Gaia of the Fight,2022,"Ink, acrylic on wood",24 x 24 in. ,2000,Courtesy the Artist,Remove- Returned 
20,Kdow_WaveKing,Dow,Kaldric,Wave King (Male Collage #5) ,2022,Mixed media on canvas,30 x 40 in. ,5000,Courtesy the Artist,Remove- Returned 
21,Kdow_Dynamic,Dow,Kaldric,Dynamic (Female Collage #4),2022,Mixed media on canvas,30 x 40 in. ,5000,Courtesy the Artist,Remove- Returned 
22,Hurd5_PrayingforDeliverance,Hurd,Paul ,Praying for Deliverance,2022,"Hand carved wooden cane, painted","36 x 8""",1200,Courtesy the Artist,Remove- Returned 
23,Hurd4 - SundayBest,Hurd,Paul ,Sunday Best,2022,"Hand carved wooden cane, painted","39 x 9""",1200,Courtesy the Artist,Remove- Returned 
24,Hurd3_WadeInTheWaterReady,Hurd,Paul ,Wade in the Water Ready,2022,"Hand carved wooden cane, painted","37 x 9""",800,Courtesy the Artist,Remove- Returned 
25,Hurd2_DeliveringtheWord,Hurd,Paul ,Delivering the Word,2022,"Hand carved wooden cane, painted","37.5 x 9""",1200,Courtesy the Artist,Remove- Returned 
26,Hurd1_PreachingtheWord ,Hurd,Paul,Preaching the Word ,2022,"Hand carved wooden cane, painted","31.5 x 12""",1200,Courtesy the Artist,Remove- Returned 
27,Harris_2022_I Wish ,Harris,Edward,I Wish Someone Told Me This When I Was Younger ,2022,"fabric, oil on canvas, lace",15in. x 54in. (both),550,Courtesy the Artist,Remove- Returned 
28,Harris_2022_HTW,Harris,Edward,The One with the Working Hands ,2022,"fabric, oil on canvas, lace",15in. x 54in. (both),550,Courtesy the Artist,Remove- Returned 
29,Gakwaya_SecondHome,Gakwaya,Alain Boris,Second Home,2022,"Acrylic, oil pastels and markers on canvas",30 x 30 in. ,1200,Courtesy the Artist,Remove- Returned 
30,Gakwaya_ChildhoodMemories,Gakwaya,Alain Boris,Childhood Memories,2022,"Acrylic, oil pastels and markers on canvas",30 x 30 in. ,1200,Courtesy the Artist,Remove- Returned 
31,FrancisA - 2021,Francis,Anthony,"Lanece and Rico, A Dance and-or things Mother's Might Do - 2021",2022,Photographic Print on Dibond in Artist frame,42 x 52 in.,5000,Courtesy the Artist,Remove- Returned 
32,Dharris_WIPFull_American LegacyII,Harris,Deborah,American Legacy Too,2022,Fiber and faux leather,38 in. w x 90 in. h,2500,Courtesy the Artist,Remove- Returned 
33,Coleman_BETJEC-O,Coleman,John,BETJEC-O,2022,Oil on Canvas,33.5 in. x 45 in. ,8000,Courtesy the Artist,Remove- Returned 
34,Cartiness Johnson_Invitation Only ,Cartiness Johnson,Carmen,Invitation Only ,2022,Acrylic on canvas,"42"" x 72""",20000,Courtesy the Artist,Remove- Returned 
35,Aweddle_Sprawl,Weddle,Angela,Sprawl,2022,Drawing,"11"" x 14"" (16x20 frame)",1000,Courtesy the Artist,Remove- Returned 
36,AWeddle_Growth,Weddle,Angela,Growth,2022,Drawing,"11"" x 14"" (16x20 frame)",1000,Courtesy the Artist,Remove- Returned 
37,Aweddle_Food Chain,Weddle,Angela,Food Chain,2022,Drawing,"11"" x 14"" (16x20 frame)",1000,Courtesy the Artist,Remove- Returned 
38,Ajones_SoundTherapy ,Jones,Alethia,Sound Therapy ,2022,"burn marks, acrylic, and marker on leather",16in × 20in,3000,Courtesy the Artist,Remove- Returned 
39,Ajones_SheShinesHerLight,Jones,Alethia,She Shines Her Light,2022,"burn marks, acrylic, and marker on leather",16in × 20in,3000,Courtesy the Artist,Remove- Returned 
40,Ajones_ABlackGirl'sSoulCleanse,Jones,Alethia,A Black Girl's Soul Cleanse,2022,"burn marks, acrylic, and marker on leather",16in × 20in,3000,Courtesy the Artist,Remove- Returned 
41,L.2019.SEB.1,Carbajal,Enrique (Sebastian),Nudo Torusado,2019,Painted Steel ,72 x 62.9 x 38.5 in.,110350,Courtesy the Artist,Remove- returned 
42,L.2019.SEB.2,Carbajal,Enrique (Sebastian),Celosia Borunda,2019,Painted Steel ,96 x 61.4 x 19.6 in,109800,Courtesy the Artist,Remove- returned 
43,L.2019.SEB.3,Carbajal,Enrique (Sebastian),Cuántica Octagonal Aurea,2019,Painted Steel ,62.5 x 51.1 x 51.1 in,67550,Courtesy the Artist,Remove- returned 
44,L.2019.SEB.36,Carbajal,Enrique (Sebastian),Esfera Cuantica,2019,Painted Steel ,106.2 x 70.8 x 70.8 in.,85000,Courtesy the Artist,Remove- returned 
45,L.2019.SEB.37,Carbajal,Enrique (Sebastian),Esfera Cuantica Punto Cero,2019,Painted Steel ,106.2 x 70.8 x 70.8 in.,85000,Courtesy the Artist,Remove- returned 
46,L.2019.SEB.4,Carbajal,Enrique (Sebastian),Pocycereus,2019,Painted Steel ,114.9 x 28.3 x 51 in.,130000,Courtesy the Artist,Remove- returned 
47,L.2019.SEB.5,Carbajal,Enrique (Sebastian),Lipchitziana,2019,Painted Steel ,96 x 48 x 28 in.,108000,Courtesy the Artist,Remove- returned 
,,,,,,,Total Value,1332400,,
,,,,,,,Total Pieces,47,,
