"The will be onsite at Centro de Artes starting this week and should remain insured until the removal of the exhibition, September 30,2025. The exhibit will be open to the public from March 27-August 17, 2025.",Unnamed: 1,Unnamed: 2,Unnamed: 3,Unnamed: 4,Unnamed: 5,Unnamed: 6,Unnamed: 7,Unnamed: 8,Unnamed: 9
#,Artist First Name,Artist Last Name,Artwork Title,Date ,Medium  ,"Dimensions
(h x w x d)",Credit Line,Replacement Value ,Notes
1,Gonzalo,Alvarez,Nawalli: Cloth Mat,2022,Board game,"10"" x 16""",15,Courtesy Too Rad Comics-Gabe,Added to insurance April 25
2,Gonzalo,Alvarez,Nawalli: Game Box,2022,Board game,"3.75"" x 3.75"" x 2.75""",45,Courtesy Too Rad Comics-Gabe,Added to insurance April 25
3,Gonzalo,Alvarez,Nawalli:Guardian Card,2022,Board game,6.75 x 6.75 x 4 in. ,50,Courtesy Too Rad Comics-Gabe,Added to insurance April 25
4,Gonzalo,Alvarez,Nawalli:Temple Cardholder,2022,Board game,2.5 x 3.5 in. ,10,Courtesy Too Rad Comics-Gabe,Added to insurance April 25
5,Gonzalo,Alvarez,"Polloman Teaser, Page 1",2017,Ink on Bristol board,"11"" x 17""",500,Courtesy the Artist,Added to insurance April 25
6,Gonzalo,Alvarez,"Polloman Teaser, Page 2",2017,Ink on Bristol board,"11"" x 17""",500,Courtesy the Artist,Added to insurance April 25
7,Gonzalo,Alvarez,"Polloman Teaser, Page 3",2017,Ink on Bristol board,"11"" x 17""",500,Courtesy the Artist,Added to insurance April 25
8,Gonzalo,Alvarez,"Polloman Teaser, Page 4",2017,Ink on Bristol board,"11"" x 17""",500,Courtesy the Artist,Added to insurance April 25
9,Gonzalo,Alvarez,Poyoman Prologue Codex,2017,Artist Book,9 x 234 in. ,1500,Courtesy the Artist,Added to insurance April 25
10,Gonzalo,Alvarez,"The 6 Legends: ""El Chupacabras"" The Goat Sucker",2017,Ink on Bristol board,"11"" x 17""",500,Courtesy the Artist,Added to insurance April 25
11,Gonzalo,Alvarez,"The 6 Legends: ""El Cucuy"" The Boogeyman",2017,Ink on Bristol board,"11"" x 17""",500,Courtesy the Artist,Added to insurance April 25
12,Gonzalo,Alvarez,"The 6 Legends: ""El Diablo"" The Devil",2017,Ink on Bristol board,"11"" x 17""",500,Courtesy the Artist,Added to insurance April 25
13,Gonzalo,Alvarez,"The 6 Legends: ""La Llorona"" The Weeping Woman",2017,Ink on Bristol board,18 x 24 in. ,750,Courtesy the Artist,Added to insurance April 25
14,Carolyn,Dee Flores,"Two Birthdays, One Pinata",2024,Watercolor on Arches 140,15 x 13 7/8 in. ,500,Courtesy the Artist,Added to insurance April 25
15,Carolyn,Dee Flores,Teresita Watering With Her Mother on the Balcony,2016,Oil on Cardboard,12 x 9 3/8 in. ,100,Coutesy the Artist,Added to insurance April 25
16,Carolyn,Dee Flores,Piraguas!,2016,Oil on Cardboard,15 x 13 7/8 in. ,100,Courtesy the Artist,Added to insurance April 25
17,Carolyn,Dee Flores,Children Playing in the Street With Fire Hydrant,2016,Oil on Cardboard,15 x 13 7/8 in. ,100,Courtesy the Artist,Added to insurance April 25
18,Ogden Elementary,,Ogden Rainbow Xelena Portait,2019,Acrylic,"48""x96""",5000,Special recognition for the students of Ogden Elementary 2018-2019 who collaborated to create this mural. Teacher: Kimberly Garza Chbeir,Added to insurance April 25
19,Kat,Fajardo,Miss Quinces Thumbnail,2020,Graphite Pencil,"2.5""x3.5""",50,Kat Fajado,Added to insurance April 25
20,Kat,Fajardo,Miss Quinces Penciled Page,2020,Graphite Pencil,"8.5""x11""",200,Kat Fajado,Added to insurance April 25
21,Kat,Fajardo,Miss Quinces,2020,Laser printed on paper,"8.5""x11""",200,Kat Fajado,Added to insurance April 25
22,Kat,Fajardo,The First Rule of Punk Cover Concept #1,2016,Graphite Pencil,"11""x8.5""",200,Kat Fajado,Added to insurance April 25
23,Kat,Fajardo,The First Rule of Punk Cover Concept #2,2016,Ink & Nib,"11""x8.5""",200,Kat Fajado,Added to insurance April 25
24,Kat,Fajardo,The First Rule of Punk Cover Jacket,2016,Color Print,"11""x8.5""",200,Kat Fajado,Added to insurance April 25
25,Adriana M.,Garcia,AAU_Digital Story (All Around Us Video),2018,Video Animation (DVD),,200,Adriana M. Garcia & Xelena Gonzalez with Dreamscape Media,Added to insurance April 25
26,Adriana M.,Garcia,All Around Us ALA Bookmark,2018,Color Print,"2"" x 6""",50,Adriana M. Garcia & Xelena Gonzalez with American Library Association,Added to insurance April 25
27,Adriana M.,Garcia,All Around Us ALA Poster,2018,Color Print,"18"" x 24""",100,Adriana M. Garcia & Xelena Gonzalez with American Library Association,Added to insurance April 25
28,Adriana M.,Garcia,Abuela nos ha enseñado / Son seres vivos ,2021,Acrylic on wood,Diptych: 25 x 25 in. and 28 x 25 in. ,2000,Courtesy the Artist,Added to insurance April 25
29,Adriana M.,Garcia,"We don't know why they came or where they were before... ...but there is someting special in the land we call home, like magnets that draw these marvels from outer space. / No sabemos por qué vinieron o dónde estaban ante... ...pero hay algo especial en la tierra que llamamos hogar, como imanes que atraen a estas. maravillas desde del espacio exterior.",2021,Acrylic on wood,"48""x24""",1000,Courtesy the Artist,Added to insurance April 25
30,Adriana M.,Garcia,Isabel flew north,2022,Acrylic on Paper,23.5 x 11 in. ,500,Courtesy the Artist,Added to insurance April 25
31,Adriana M.,Garcia,"She asks us to wonder why this one has so many holes like secret rooms. / Ella nos pide que nos preguntemos por qué ésta tiene tantos agujeros como cuartos secretos. |  We look inside to see molten heat bubbing from the earth's belly, burning new rocks into being! / Miramos adentro para ver el calor fundido burbujeando desde la panza de la tierra, quemando nuevas rocas hasta crearlas!",2021,Acrylic on wood,Diptych: 27 x 24 in. each ,2000,Courtesy the Artist,Added to insurance April 25
32,Adriana M.,Garcia,Monica's imagination was as big as the sky,2022,Acrylic on Paper,23.5 x 11 in. ,500,Coutesy the Artist,Added to insurance April 25
33,Adriana M.,Garcia,Nuestra tierra nos da todo,2021,Acrylic on wood,48 x 24 in. ,1000,Collection of Xelena Gonzalez,Added to insurance April 25
34,Adriana M.,Garcia,El agua crea y rompe,2021,Acrylic on wood,48 x 24 in. ,1000,Collection of Xelena Gonzalez,Added to insurance April 25
35,Adriana M.,Garcia,Desde el cielo nocturno,2021,Acrylic on wood,48 x 24 in. ,1000,Collection of Xelena Gonzalez,Added to insurance April 25
36,Adriana M.,Garcia,"""They have survived fire and so they give us strength."" When we're old enough to enter the sweat lodge, we'll know exactly what she means. / Han sobrevivido al fuego, y por eso nos dan fuerza. Cuando tengamos la edad suficiente para entrar al temazcal, sabremos exactamente a lo que ella se refiere. ",2021,Acrylic on wood,48 x 24 in. ,1000,Collection of Destiny Hernandez ,Added to insurance April 25
37,Adriana M.,Garcia,"That day your spirit came to us rains came in  from the Pacific to bless
Clouds peered over the mountains in response  to the singing of medicine plants 
Who danced back and forth in shawls of mist",2024,Acrylic on Paper,"30""x22""",1000,Courtesy the Artist,Added to insurance April 25
38,Adriana M.,Garcia,"Did you hear us as you traveled from  your rainbow house? 
We called you with thunder, with singing.
Did you see us as we gathered in the town  beneath the mountains?
We were dressed in concern and happiness.
We were overwhelmed, as you moved through  the weft of your mother
Even before you took your first breath,  your eyes blinked wide open.",2024,Acrylic on Paper,"30""x22""",1000,Courtesy the Artist,Added to insurance April 25
39,Adriana M.,Garcia,"May you always travel lightly and well.

Praise and give thanks for each small and large thing. 
May you grow in knowledge, in compassion, in beauty.",2024,Acrylic on Paper,"30""x22""",1000,Courtesy the Artist,Added to insurance April 25
40,Adriana M.,Garcia,"And horses run the land, hundreds of them for you, ",2024,Acrylic on Paper,"30""x22""",1000,Courtesy the Artist,Added to insurance April 25
41,Adriana M.,Garcia,"This is how we thank you for your fierce protection and your warmth on cold nights, / Así te agradecemos tu feroz protección y tu calidez en las noches frías",2023,Acrylic on Paper,"30""x22""",1000,Courtesy the Artist,Added to insurance April 25
42,Adriana M.,Garcia,"Together, we light candles and make a path of petals to guide your way home, on this sacred night . . . / Juntos prendemos velas y creamos un sendero de pétalos para guiar tu camino a casa, en esta noche sagrada… | when we welcome back our loving, loyal friends. / cuando recibimos de vuelta a nuestras amistades cariñosas y leales.",2023,Acrylic on Paper,Diptych: 30 x 22 in. (2 illustrations on one sheet),2000,Courtesy the Artist,Added to insurance April 25
43,Adriana M.,Garcia,for the comfort you gave on sad days and the smiles you offered on bright ones. / el consuelo que nos diste en los días tristes y las sonrisas que nos compartiste en los días felices.,2023,Acrylic on Paper,30 x 22 in ,1000,Courtesy the Artist,Added to insurance April 25
44,Adriana M.,Garcia,Esther went exploring,2022,Acrylic on Paper,23.5 x 11 in. ,500,Courtesy the Artist,Added to insurance April 25
45,Adriana M.,Garcia,In a home filled with books and art,2022,Acrylic on Paper,23.5 x 11 in. ,500,Courtesy the Artist,Added to insurance April 25
46,Adriana M.,Garcia,"The rain joins our rhythm with a click-clack-tappity-tap. / La lluvia se une a nuestro ritmo con su clic-clac-típiti-tap. | And in the wind I hear your reply, like an echo in my heart. / Y en el viento, escucho tu respuesta, como un eco en mi corazón.",2023,Acrylic on Paper,Diptych: 30 x 22 in. (2 illustrations on one sheet),2000,Courtesy the Artist,Added to insurance April 25
47,Adriana M.,Garcia,Story Walk Board,2021,Mounted Print,"48""x24""",100,Courtesy the Artist,Added to insurance April 25
48,Adriana M.,Garcia,Story Walk Board,2021,Mounted Print,"48""x24""",100,Courtesy the Artist,Added to insurance April 25
49,Adriana M.,Garcia,Story Walk Board,2021,Mounted Print,"48""x24""",100,Courtesy the Artist,Added to insurance April 25
50,Adriana M.,Garcia,Story Walk Board,2021,Mounted Print,"48""x24""",100,Courtesy the Artist,Added to insurance April 25
51,Adriana M.,Garcia,This is the way we remember you. / De esta manera te recordamos.,2023,Acrylic on Paper,"30""x22""",1000,Courtesy the Artist,Added to insurance April 25
52,Adriana M.,Garcia,"a warm stone to skip, and crooked stick you wouldhave made your own. / una piedra tibia para hacerla saltar en el agua y un palo torcido del que te habrías adueñado. | Today I walk our trail alone to bring more memories home . . . . A bit of earth and a bright red leaf . . .  / Hoy recorro nuestro camino en soledad para traer más recuerdos a casa... Un poquito de tierra y una hoja roja brillante,",2023,Acrylic on Paper,Diptych: 30 x 22 in. (2 illustrations on one sheet),2000,Courtesy the Artist,Added to insurance April 25
53,Adriana M.,Garcia,Cover Art for Remembering,2023,Acrylic on paper,30 x 22 in ,1000,Courtesy the Artist,Added to insurance April 25
54,Xavier,Garza,Van a Luchar!/They are going to Wrestle!,2014,Acrylic on paper,"11""x22"" Framed",900,Courtesy the Artist,Added to insurance April 25
55,Xavier,Garza,King Jaguar is here!,2014,Acrylic on paper,"11""x22"" Framed",900,Courtesy the Artist,Added to insurance April 25
56,Xavier,Garza,The Great and Mighty Nikko!,2014,Acrylic on Paper,"11""x11"" Framed",900,Courtesy the Artist,Added to insurance April 25
57,Raul,Gonzalez III,¡Vamos! Let's Go Boxed Set,various,books,Variable,30,Courtesy Too Rad Comics-Gabe,Added to insurance April 25
58,Raul,Gonzalez III,Coffee Can,,coffee can,Variable ,200,Courtesy the Artist,Added to insurance April 25
59,Raul,Gonzalez III,El Toro & Friends - Original Page - Training Day (Pages 2 and 3),2021,Ink on Paper,12 x 17 in.,3000,Courtesy the Artist,Added to insurance April 25
60,Raul,Gonzalez III,El Toro & Friends - Original Page - Training Day (Pages 4 and 5),2021,Ink on Paper,12 x 17 in.,3000,Courtesy the Artist,Added to insurance April 25
61,Raul,Gonzalez III,El Toro & Friends - Original Page - Training Day (Pages 6 and 48),2021,Ink on Paper,12 x 17 in.,3000,Courtesy the Artist,Added to insurance April 25
62,Raul,Gonzalez III,El Toro & Friends - Sketchbook First Draft - Team Up and Tacos Today ,2021,Sketchbook,4 x 6 in. ,8000,Courtesy the Artist,Added to insurance April 25
63,Jonathan,Hill,Odessa - Inked Page - PG 95 (in three parts),2014,"Ink, bristol board","11.75"" x 17""",200,Courtesy Too Rad Comics-Gabe,Added to insurance April 25
64,Jonathan,Hill,Odessa - Inked Page - PG 98 (in three parts),2014,"Ink, bristol board","11.75"" x 17""",200,Courtesy Too Rad Comics-Gabe,Added to insurance April 25
65,Jonathan,Hill,Odessa - Inked Page - PG 99 (in three parts,2014,"Ink, bristol board","11.75"" x 17""",200,Courtesy Too Rad Comics-Gabe,Added to insurance April 25
66,Jonathan,Hill,Odessa - Sketchbook with Layout Pencils,2017,Pencil in notebook,"15"" x 9.75"" (open)",300,Courtesy the Artist,Added to insurance April 25
67,Jonathan,Hill,Tales of a 7th-Grade Lizard Boy - Sketchbook with early brainstorming,2019,Pen in notebook,"15"" x 9.75"" (open)",300,Courtesy the Artist,Added to insurance April 25
68,Jonathan,Hill,Odessa - Early Concept Ink Drawing,2013,"Ink, bristol board","16.25"" x 13.25""",100,Courtesy the Artist,Added to insurance April 25
69,Jonathan,Hill,Odessa - 'The Searchers' Early Odessa Zine,2014,Zine,"6.75"" x 9.5""",50,Courtesy the Artist,Added to insurance April 25
70,Jonathan,Hill,Tales of a 7th-Grade Lizard Boy - Chapter 1 layouts excerpt,2020,Pencil on paper,"8.5'' x 11""",50,Courtesy the Artist,Added to insurance April 25
71,Jonathan,Hill,Odessa - Chapter 3 Script with Layout Pencils,2017,Pencil on paper,"8.5"" x 11""",50,Courtesy the Artist,Added to insurance April 25
72,Jonathan,Hill,Tales of a 7th-Grade Lizard Boy - Chapter 1 script with layout pencils,2020,Pencil on paper,"8.5"" x 11""",50,Courtesy the Artist,Added to insurance April 25
73,Jonathan,Hill,Tales of a 7th-Grade Lizard Boy,2022,Dust Jacket,"8.5"" x 13.5""",25,Courtesy Too Rad Comics-Gabe,Added to insurance April 25
74,Pedro,Martin,Mexikid_Idea_Sketch Cards_#,ca.1990's,Pen/Ink,"3""x5""",500,Courtesy the Artist,Added to insurance April 25
75,Pedro,Martin,Mexikid_Idea_Sketch Cards_#,ca.1990's,Pen/Ink,"3""x5""",500,Courtesy the Artist,Added to insurance April 25
76,Pedro,Martin,Mexikid_Idea_Sketch Cards_#,ca.1990's,Pen/Ink,"3""x5""",500,Courtesy the Artist,Added to insurance April 25
77,Pedro,Martin,Mexikid_Idea_Sketch Cards_#,ca.1990's,Pen/Ink,"3""x5""",500,Courtesy the Artist,Added to insurance April 25
78,Pedro,Martin,Mexikid_Idea_Sketch Cards_#,ca.1990's,Pen/Ink,"3""x5""",500,Courtesy the Artist,Added to insurance April 25
79,Pedro,Martin,Mexikid_Idea_Sketch Cards_#,ca.1990's,Pen/Ink,"3""x5""",500,Courtesy the Artist,Added to insurance April 25
80,Pedro,Martin,Mexikid_Idea_Sketch Cards_#,ca.1990's,Pen/Ink,"3""x5""",500,Courtesy the Artist,Added to insurance April 25
81,Pedro,Martin,Mexikid_Idea_Sketch Cards_#,ca.1990's,Pen/Ink,"3""x5""",500,Courtesy the Artist,Added to insurance April 25
82,Pedro,Martin,Artist Lunchbox,1966,Metal,"8""x7""x4""",5000,Courtesy the Artist,Added to insurance April 25
83,Melissa,Mendes,The Weight: Chapters 1-15,2015-2023,mini comic,"5"" x 7.5""",75,Courtesy Too Rad Comics-Micah,Added to insurance April 25
84,Melissa,Mendes,The Weight - crusty ink page,2019-2024,"ink, paper, masking tape","5.75""x6.5""",50,Courtesy the Artist,Added to insurance April 25
85,Melissa,Mendes,The Weight - original inked page 267,2021,"ink, paper","6""x9""",400,Courtesy the Artist,Added to insurance April 25
86,Melissa,Mendes,The Weight - original inked page 268,2021,"ink, paper","6""x9""",400,Courtesy the Artist,Added to insurance April 25
87,Melissa,Mendes,The Weight - original inked page 269,2021,"ink, paper","6""x9""",400,Courtesy the Artist,Added to insurance April 25
88,Melissa,Mendes,The Weight - original inked page 270,2021,"ink, paper","6""x9""",400,Courtesy the Artist,Added to insurance April 25
89,Melissa,Mendes,The Weight - original inked page 271,2021,"ink, paper","6""x9""",400,Courtesy the Artist,Added to insurance April 25
90,Melissa,Mendes,The Weight - notes and map,2019,"pencil, paper","8.25""x5""",50,Courtesy the Artist,Added to insurance April 25
91,Melissa,Mendes,The Weight - notes and timeline,2019,"pencil, paper","8.25""x5""",50,Courtesy the Artist,Added to insurance April 25
92,Melissa,Mendes,Essay (w/margin notes) page 1,2014-2024,"ink, paper","8.5"" x 11""",50,Courtesy the Artist,Added to insurance April 25
93,Melissa,Mendes,Essay (w/margin notes) page 3,2014-2024,"ink, paper","8.5"" x 11""",50,Courtesy the Artist,Added to insurance April 25
94,Melissa,Mendes,Essay (w/margin notes) page 6,2014-2024,"ink, paper","8.5"" x 11""",50,Courtesy the Artist,Added to insurance April 25
95,Melissa,Mendes,The Weight - character sketches,2014,"pencil, paper","8.5""x11""",50,Courtesy the Artist,Added to insurance April 25
96,Melissa,Mendes,The Weight - character sketches,2014,"pencil, paper","8.5""x11""",50,Courtesy the Artist,Added to insurance April 25
97,Breena,Nuñez,I Exist - Display,2020,,TBD,1000,Courtesy Too Rad Comics-Micah,Added to insurance April 25
98,Breena,Nuñez,I Exist (original pages),2020,"Pencil, ink, and Bristol paper",11 x 14 in. ,1800,Courtesy the Artist,Added to insurance April 25
99,Breena,Nuñez,Speak Africanismos,2020,Pencil and ink,7 x 10 in. ,1000,Courtesy the Artist,Added to insurance April 25
100,Dave,Ortega,American Goldfinch + Cat Claw Cactus,2021,Ink on Paper,"6"" x 9""",110,Courtesy Too Rad Comics-Micah,Added to insurance April 25
101,Dave,Ortega,Baltimore Oriole + Yucca,2021,Ink on Paper,"6"" x 9""",110,Courtesy Too Rad Comics-Micah,Added to insurance April 25
102,Dave,Ortega,"Hacienda: Issue 1, Spirit Search, Pgs 1-5",2022,Ink on Paper,"12"" x 17""",2500,Courtesy the Artist,Added to insurance April 25
103,Dave,Ortega,Hacienda: Issues 1-3?,2022-24,Comic Books,"6.5"" x 10""",30,Courtesy Too Rad Comics-Micah,Added to insurance April 25
104,Dave,Ortega,Dias de Consuelo - First Draft - Irene #5,2013,Ink on Paper,10 x 14.25 in. ,50,Courtesy the Artist,Added to insurance April 25
105,Dave,Ortega,Dias de Consuelo - Flowers,2019,Ink on Paper,10 x 14.25 in. ,50,Courtesy the Artist,Added to insurance April 25
106,Dave,Ortega,Dias de Consuelo - Rough Draft,2013,Pencil on Paper,10 x 14.25 in. ,50,Courtesy the Artist,Added to insurance April 25
107,Dave,Ortega,Yellow-Bellied Sapsucker + Peyote,2021,Ink on Paper,"6"" x 9""",110,Courtesy Too Rad Comics-Micah,Added to insurance April 25
108,Dave,Ortega,Dias de Consuelo - Rough Draft,2013,Pencil on Paper,10 x 14.25 in. ,50,Courtesy the Artist,Added to insurance April 25
109,Dave,Ortega,Dias de Consuelo - Book Dummy,2015,Moleskin Sketchbook Dummy,5 x 8 in. ,250,Courtesy the Artist,Added to insurance April 25
110,Dave,Ortega,Dias De Consuelo: Issues 1-6,2015-20,Comic Books,"6.5"" x 10""",40,Courtesy Too Rad Comics-Micah,Added to insurance April 25
111,Dave,Ortega,Dias de Consuelo - Draft Sketches,2013,Pencil on Paper,8.5 x 11 in. ,50,Courtesy the Artist,Added to insurance April 25
112,Mara,Ramirez,PAGE 12 - i saw my soft body covered in scales,2023,Graphite on Paper,"~8"" X 11""",200,Courtesy the Artist,Added to insurance April 25
113,Mara,Ramirez,PAGE 2 - unforgiving dangerous,2023,Graphite on Paper,"~8"" X 11""",200,Courtesy the Artist,Added to insurance April 25
114,Mara,Ramirez,whale fall sketchbook,2023,Graphite on Paper,"10"" x 8"" (open)",500,Courtesy the Artist,Added to insurance April 25
115,Mara,Ramirez,whale eye drawing,2023,Graphite on Paper,"3.5"" x 4""",200,Courtesy the Artist,Added to insurance April 25
116,Mara,Ramirez,page 11 from whale fall - person laying down,2023,Graphite on Paper,"6.5"" x 8.25""",200,Courtesy the Artist,Added to insurance April 25
117,Mara,Ramirez,PAGE 15 - GRID DRAWING,2023,Graphite on Paper,"6.5"" x 8.25""",200,Courtesy the Artist,Added to insurance April 25
118,Mara,Ramirez,PAGE 16 - OPENED FISH,2023,Graphite on Paper,"6.5"" x 8.25""",200,Courtesy the Artist,Added to insurance April 25
119,Mara,Ramirez,page 10 from whale fall-years later,2023,Graphite on Paper,"6.5"" x 8.375""",200,Courtesy the Artist,Added to insurance April 25
120,Mara,Ramirez,page 5 from whale fall - erasure,2023,Graphite on Paper,"6.5"" x 8.375""",200,Courtesy the Artist,Added to insurance April 25
121,Mara,Ramirez,page 9 from whale fall - 2 aches,2023,Graphite on Paper,"6.5"" x 8.375""",200,Courtesy the Artist,Added to insurance April 25
122,Mara,Ramirez,page 17 from whale fall - augmented fig draw,2023,Graphite on Paper,"6.5"" x 9 7/8""",200,Courtesy the Artist,Added to insurance April 25
123,Mara,Ramirez,Pile of pencil nubs,2024,Pencils,various,200,Courtesy the Artist,Added to insurance April 25
124,Jose,Sotelo Yamasaki,Sketchbook_Remedios,2022-2023,Graphite on paper,"8""x11.5""",5000,Courtesy the Artist,Added to insurance April 25
125,Terry,Ybañez,That's Not Fair!/ No Es Justo! pgs. 4 & 5,2008,Acrylic on paper,"9"" x 23 1/2""",1000,Courtesy the Artist,Added to insurance April 25
126,Terry,Ybañez,That's Not Fair/No Es Justo! pg. 18 &19,2008,Acrylic on paper,"9"" x 23 1/2""",1000,Courtesy the Artist,Added to insurance April 25
127,Terry,Ybañez,That's Not Fair!/No Es Justo! pgs. 26 & 27,2008,Acrylic on paper,"9"" x 23 1/2""",1000,Courtesy the Artist,Added to insurance April 25
128,Tomas Rivera Book Award Collection,,1997 TRBA Poster,1997,Color Print,"11""x17""",100,César Limón et al.,Added to insurance April 25
129,Tomas Rivera Book Award Collection,,1998 TRBA Poster,1998,Color Print,"11""x17""",100,César Limón et al.,Added to insurance April 25
130,Tomas Rivera Book Award Collection,,1999 TRBA Poster,1999,Color Print,"11""x17""",100,César Limón et al.,Added to insurance April 25
131,Tomas Rivera Book Award Collection,,2000 TRBA Poster,2000,Color Print,"11""x17""",100,César Limón et al.,Added to insurance April 25
132,Tomas Rivera Book Award Collection,,2001 TRBA Poster,2001,Color Print,"11""x17""",100,César Limón et al.,Added to insurance April 25
133,Tomas Rivera Book Award Collection,,2002 TRBA Poster,2002,Color Print,"11""x17""",100,César Limón et al.,Added to insurance April 25
134,Tomas Rivera Book Award Collection,,2003 TRBA Poster,2003,Color Print,"11""x17""",100,César Limón et al.,Added to insurance April 25
135,Tomas Rivera Book Award Collection,,2004 TRBA Poster,2004,Color Print,"11""x17""",100,César Limón et al.,Added to insurance April 25
136,Tomas Rivera Book Award Collection,,2005 TRBA Poster,2005,Color Print,"11""x17""",100,César Limón et al.,Added to insurance April 25
137,Tomas Rivera Book Award Collection,,2006 TRBA Poster,2006,Color Print,"11""x17""",100,César Limón et al.,Added to insurance April 25
138,Tomas Rivera Book Award Collection,,2007 TRBA Poster,2007,Color Print,"11""x17""",100,César Limón et al.,Added to insurance April 25
139,Tomas Rivera Book Award Collection,,2008 TRBA Poster,2008,Color Print,"11""x17""",100,César Limón et al.,Added to insurance April 25
140,Tomas Rivera Book Award Collection,,2009 TRBA Poster,2009,Color Print,"11""x17""",100,César Limón et al.,Added to insurance April 25
141,Tomas Rivera Book Award Collection,,2010 TRBA Poster,2010,Color Print,"11""x17""",100,César Limón et al.,Added to insurance April 25
142,Tomas Rivera Book Award Collection,,2011 TRBA Poster,2011,Color Print,"11""x17""",100,César Limón et al.,Added to insurance April 25
143,Tomas Rivera Book Award Collection,,2012 TRBA Poster,2012,Color Print,"11""x17""",100,César Limón et al.,Added to insurance April 25
144,Tomas Rivera Book Award Collection,,2013 TRBA Poster,2013,Color Print,"11""x17""",100,César Limón et al.,Added to insurance April 25
145,Tomas Rivera Book Award Collection,,2014 TRBA Poster,2014,Color Print,"11""x17""",100,César Limón et al.,Added to insurance April 25
146,Tomas Rivera Book Award Collection,,2015 TRBA Poster,2015,Color Print,"11""x17""",100,César Limón et al.,Added to insurance April 25
147,Tomas Rivera Book Award Collection,,2016 TRBA Poster,2016,Color Print,"11""x17""",100,César Limón et al.,Added to insurance April 25
148,Tomas Rivera Book Award Collection,,2017 TRBA Poster,2017,Color Print,"11""x17""",100,César Limón et al.,Added to insurance April 25
149,Tomas Rivera Book Award Collection,,2018 TRBA Poster,2018,Color Print,"11""x17""",100,César Limón et al.,Added to insurance April 25
150,Tomas Rivera Book Award Collection,,2019 TRBA Poster,2019,Color Print,"11""x17""",100,César Limón et al.,Added to insurance April 25
151,Tomas Rivera Book Award Collection,,2020 TRBA Poster,2020,Color Print,"11""x17""",100,César Limón et al.,Added to insurance April 25
152,Tomas Rivera Book Award Collection,,2021 TRBA Poster,2021,Color Print,"11""x17""",100,César Limón et al.,Added to insurance April 25
153,Tomas Rivera Book Award Collection,,2022 TRBA Poster,2022,Color Print,"11""x17""",100,César Limón et al.,Added to insurance April 25
154,Tomas Rivera Book Award Collection,,2023 TRBA Poster,2023,Color Print,"11""x17""",100,César Limón et al.,Added to insurance April 25
155,Tomas Rivera Book Award Collection,,2024 TRBA Poster,2024,Color Print,"11""x17""",100,César Limón et al.,Added to insurance April 25
,,,,,,Total Value,92100,,
,,,,,,Total Pieces,155,,
