#,NEW Accession Number ,Old Accession Number (only If changed),Collection Location,PHOTO,KEEP / REMOVE,REASON REMOVED,SAP Asset Tag #,ARTIST FIRST NAME,ARTIST LAST NAME,ARTWORK TITLE,Category ,TYPE,MEDIA,DIMENSIONS,Client Department,ARTWORK DESCRIPTION,NOTES,YEAR COMPLETED,YEAR ACQUIRED,FUNDING TYPE,DONOR / AQUIRED FROM,PROJECT IN GROUP LOCATION?, LOCATION,ARTWORK ADDRESS,ZIP CODE,X COORDINATES,Y COORDINATES,INTERIOR/EXTERIOR,COUNCIL DISTRICT,HISTORIC DISTRICT?,INSTALLATION VENUE,City Insured,PO NUMBER (FOR CEE),BUDGET,Insurance Value,YEAR VALUE WAS GIVEN,CAPITOL IMPROVEMENT PROJECT,PASA COMMISSION,Design Team Consultant,General Contractors / Artist Subcontractors 
1,2022.LAB.1.8,,Public Art - Exterior,Yes,Remove,Inventory line item was consolidated  in single project line item.,,Shelley,Potter,Quote Shelley Potter ,,Text Engraving,Concrete ,,Center City Development & Operations,Engraved Quote by Shelley Potter,Text engraving on Labor Plaza center bench floor area,2022.0,2022,2017 Bond Program,,,River Walk Public Art Garden,E. Market Street ,78205.0,-98.48632,29.422827,Exterior,CW,"RIO-3 
Downtown Design Area",Outdoor-Display,,,,5000.0,,,,,
2,2022.LAB.1.7,,Public Art - Exterior,Yes,Remove,Inventory line item was consolidated  in single project line item.,,Mario,Marcel Salas,Quote Mario Marcel Salas,,Text Engraving,Concrete ,,Center City Development & Operations,Engraved Quote by Mario Marcel Salas,Text engraving on Labor Plaza center bench floor area,2022.0,2022,2017 Bond Program,,,River Walk Public Art Garden,E. Market Street ,78205.0,-98.48632,29.422827,Exterior,CW,"RIO-3 
Downtown Design Area",Outdoor-Display,,,,5000.0,,,,,
3,2022.LAB.1.6 ,,Public Art - Exterior,Yes,Remove,Inventory line item was consolidated  in single project line item.,,Linda,Chavez-Thompson,Biography Linda Chavez-Thompson,,Text Engraving,Concrete ,,Center City Development & Operations,Engraved Biography on Linda Chavez-Thompson,Text engraving on Labor Plaza center bench floor area,2022.0,2022,2017 Bond Program,,,River Walk Public Art Garden,E. Market Street ,78205.0,-98.48632,29.422827,Exterior,CW,"RIO-3 
Downtown Design Area",Outdoor-Display,,,,5000.0,,,,,
4,2022.LAB.1.5,,Public Art - Exterior,Yes,Remove,Inventory line item was consolidated  in single project line item.,,Robert,Thompson,Biography Robert Thompson ,,Text Engraving,Concrete ,,Center City Development & Operations,Engraved Biography on Robert Thompson,Text engraving on Labor Plaza center bench floor area,2022.0,2022,2017 Bond Program,,,River Walk Public Art Garden,E. Market Street ,78205.0,-98.48632,29.422827,Exterior,CW,"RIO-3 
Downtown Design Area",Outdoor-Display,,,,5000.0,,,,,
5,2022.LAB.1.4,,Public Art - Exterior,Yes,Remove,Inventory line item was consolidated  in single project line item.,,Joan,Suarez,Quote Joan Suarez ,,Text Engraving,Concrete ,,Center City Development & Operations,Engraved Quote by Joan Suarez,Text engraving on Labor Plaza center bench floor area,2022.0,2022,2017 Bond Program,,,River Walk Public Art Garden,E. Market Street ,78205.0,-98.48632,29.422827,Exterior,CW,"RIO-3 
Downtown Design Area",Outdoor-Display,,,,5000.0,,,,,
6,2022.LAB.1.3,,Public Art - Exterior,Yes,Remove,Inventory line item was consolidated  in single project line item.,,Rebecca,Flores,Quote Rebecca Flores ,,Text Engraving,Concrete ,,Center City Development & Operations,Engraved Quote by Rebecca Flores,Text engraving on Labor Plaza center bench floor area,2022.0,2022,2017 Bond Program,,,River Walk Public Art Garden,E. Market Street ,78205.0,-98.48632,29.422827,Exterior,CW,"RIO-3 
Downtown Design Area",Outdoor-Display,,,,5000.0,,,,,
7,2022.LAB.1.2,,Public Art - Exterior,Yes,Remove,Inventory line item was consolidated  in single project line item., ,Henry S.,Brown,"Henry S. ""Hank"" Brown Biography  ",,Text Engraving,Concrete ,,Center City Development & Operations,Engraved Biography on Hank Brown ,Text engraving on Labor Plaza center bench floor area,2022.0,2022,2017 Bond Program,,,River Walk Public Art Garden,E. Market Street ,78205.0,-98.48632,29.422827,Exterior,CW,"RIO-3 
Downtown Design Area",Outdoor-Display,,,,5000.0,,,,,
8,2022.LAB.1.1 ,,Public Art - Exterior,Yes,Remove,Inventory line item was consolidated  in single project line item.,,Emma,Tenayuca,Emma Tenayuca Biography,,Text Engraving,Concrete ,,Center City Development & Operations,Engraved Biography on Emma Tenayuka ,Text engraving on Labor Plaza center bench floor area,2022.0,2022,2017 Bond Program,,,River Walk Public Art Garden,E. Market Street ,78205.0,-98.48632,29.422827,Exterior,CW,"RIO-3 
Downtown Design Area",Outdoor-Display,,,,5000.0,,,,,
9,2022.QUI.2,,Public Art - Exterior,Yes,Remove,Inventory line item was consolidated  in single project line item.,,Octavio,Quintanilla ,So that Our Crossing May Never be Obstructed ,,Text Engraving,Concrete ,,Center City Development & Operations,Engraved Poem on Concrete,Engraved along concrete sidewalk spiral,2022.0,2022,2017 Bond Program,,,River Walk Public Art Garden,East Market Street ,78205.0,-98.48632,29.422827,Exterior,CW,"RIO-3 
Downtown Design Area",Outdoor-Display,,,,5000.0,,,,,
10,2022.QUI.1.5 ,,Public Art - Exterior,Yes,Remove,Inventory line item was consolidated  in single project line item.,,Octavio,Quintanilla ,Unión ,,Tile,Ceramic ,,Center City Development & Operations,Tile artwork created from 4 individual tiles depicting a labor scene. ,Vertical tiles on Labor Plaza Sign Limestone Wall,2022.0,2022,2017 Bond Program,,,River Walk Public Art Garden,East Market Street ,78205.0,-98.48632,29.422827,Exterior,CW,"RIO-3 
Downtown Design Area",Outdoor-Display,,,,5000.0,,,,,
11,2022.QUI.1.4 ,,Public Art - Exterior,Yes,Remove,Inventory line item was consolidated  in single project line item.,,Octavio,Quintanilla ,Organized ,,Tile,Ceramic ,,Center City Development & Operations,Tile artwork created from 4 individual tiles depicting a labor scene. ,4th set of tiles from begin poem,2022.0,2022,2017 Bond Program,,,River Walk Public Art Garden,East Market Street ,78205.0,-98.48632,29.422827,Exterior,CW,"RIO-3 
Downtown Design Area",Outdoor-Display,,,,2000.0,,,,,
12,2022.QUI.1.3 ,,Public Art - Exterior,Yes,Remove,Inventory line item was consolidated  in single project line item.,,Octavio,Quintanilla ,Con El Corazon En Alto ,,Tile,Ceramic ,,Center City Development & Operations,Tile artwork created from 4 individual tiles depicting a labor scene. ,"3rd set of tiles from begin poem, facing riverwalk",2022.0,2022,2017 Bond Program,,,River Walk Public Art Garden,East Market Street ,78205.0,-98.48632,29.422827,Exterior,CW,"RIO-3 
Downtown Design Area",Outdoor-Display,,,,2000.0,,,,,
13,2022.QUI.1.2,,Public Art - Exterior,Yes,Remove,Inventory line item was consolidated  in single project line item.,,Octavio,Quintanilla ,Union ,,Tile,Ceramic ,,Center City Development & Operations,Tile artwork created from 4 individual tiles depicting a labor scene. ,2nd set of tiles from begin poem,2022.0,2022,2017 Bond Program,,,River Walk Public Art Garden,East Market Street ,78205.0,-98.48632,29.422827,Exterior,CW,"RIO-3 
Downtown Design Area",Outdoor-Display,,,,2000.0,,,,,
14,2001.NIE.1.2,,Public Art - Exterior,Yes,Remove,Inventory line item was consolidated  in single project line item.,,Ries ,Niemi,I remember Everything - BENCH,,Sculpture,Metal,,Center City Development & Operations,"Ries Niemi’s three stainless steel outdoor works are abstract, but based on local symbols and histories. A stylized wing-shape symbolizes aviation’s role in developing San Antonio.  A large open bench is styled loosely on architecture of Municipal Auditorium. 
The chimney-like column recalls limestone chimneys of local cement quarries.","English, Spanish and German text wraps around each piece dealing with remembrance and the process of layering history. 
",2001.0,2001,Non-Bond (Convention Center),,,River Walk Public Art Garden,East Market Street ,78205.0,-98.485578,29.422651,Exterior,1,"RIO-3 
Downtown Design Area",Outdoor-Display,Yes,,18750.0,20000.0,,,yes,Kell Munoz,
15,2001.NIE.1.1,,Public Art - Exterior,Yes,Remove,Inventory line item was consolidated  in single project line item.,,Ries ,Niemi,I remember Everything - WING,,Sculpture,Metal,,Center City Development & Operations,"Ries Niemi’s three stainless steel outdoor works are abstract, but based on local symbols and histories. A stylized wing-shape symbolizes aviation’s role in developing San Antonio.  A large open bench is styled loosely on architecture of Municipal Auditorium. 
The chimney-like column recalls limestone chimneys of local cement quarries.","English, Spanish and German text wraps around each piece dealing with remembrance and the process of layering history. 
",2001.0,2001,Non-Bond (Convention Center),,,River Walk Public Art Garden,East Market Street ,78205.0,-98.48413833399991,29.419220333000055,Exterior,1,"RIO-3 
Downtown Design Area",Outdoor-Display,Yes,,18750.0,10000.0,,,yes,Kell Munoz,
16,2024.SAN.3.1-4,,Public Art - Exterior,Yes,Remove,Inventory line item was consolidated  in single project line item.,,Eva ,Marengo Sanchez,The Echoes of Market Square,,Mural ,Acrylic on concrete,23' x 17.5',Center City Development & Operations,"Mural on four sides of concrete column featuring a dried chipotle, chili con carne recipe, ear of corn, and corn tortilla recipe.","Located within The Pass along Commerce Street, closest to Farmer's Market Building.",2024.0,2024,2017 Bond Program,,,The Pass (Historic Market Square),514 W Commerce Street,78207.0,-98.4996,29.42583,Exterior,1,Downtown Design Area,Outdoor-Display,Yes,,12500.0,12500.0,2024.0,,Yes ,,
17,2024.SAN.2.1-4,,Public Art - Exterior,Yes,Remove,Inventory line item was consolidated  in single project line item.,,Eva ,Marengo Sanchez,The Echoes of Market Square,,Mural ,Acrylic on concrete,23' x 17.5',Center City Development & Operations,"Mural on four sides of concrete column featuring a yellow agua fresca, two sides of paper flower garlands, and gorditas topped with cheese and guacamole.","Located within The Pass along Dolorosa Street, furthest from Farmer's Market Building (closest to Pecos.",2024.0,2024,2017 Bond Program,,,The Pass (Historic Market Square),514 W Commerce Street,78207.0,-98.4996,29.42583,Exterior,1,Downtown Design Area,Outdoor-Display,Yes,,12500.0,12500.0,2024.0,,Yes ,,
18,2024.SAN.1.1-4,,Public Art - Exterior,Yes,Remove,Inventory line item was consolidated  in single project line item.,,Eva ,Marengo Sanchez,The Echoes of Market Square,,Mural ,Acrylic on concrete,23' x 17.5',Center City Development & Operations,"Mural on four sides of concrete column featuring a pair of marionettes, toy tops or trompos, a swinging pinata, and a ladder toy.","Located within The Pass along Dolorosa Street, closest to Farmer's Market Building.",2024.0,2024,2017 Bond Program,,,The Pass (Historic Market Square),514 W Commerce Street,78207.0,-98.4996,29.42583,Exterior,1,Downtown Design Area,Outdoor-Display,Yes,,12500.0,12500.0,2024.0,,Yes ,,
19,2024.ARG.4.1-4,,Public Art - Exterior,Yes,Remove,Inventory line item was consolidated  in single project line item.,,Michael,Arguello,The Echoes of Market Square,,Mural ,Spray paint on concrete,23' x 17.5',Center City Development & Operations,"Mural on four sides of concrete column featuring a produce vendor, gordita, gordita vendor, and red peppers.","Located within The Pass alongCommerce Street, third closest to Farmer's Market Building.",2024.0,2024,2017 Bond Program,,,The Pass (Historic Market Square),514 W Commerce Street,78207.0,-98.4996,29.42583,Exterior,1,Downtown Design Area,Outdoor-Display,Yes,,12500.0,12500.0,2024.0,,Yes ,,
20,2024.ARG.3.1-4,,Public Art - Exterior,Yes,Remove,Inventory line item was consolidated  in single project line item.,,Michael,Arguello,The Echoes of Market Square,,Mural ,Spray paint on concrete,23' x 17.5',Center City Development & Operations,"Mural on four sides of concrete column featuring a tortilla vendor, calaveras, Dia de los Muertos, and flour tortillas.","Located within The Pass along Commerce Street, second closest to Farmer's Market Building.",2024.0,2024,2017 Bond Program,,,The Pass (Historic Market Square),514 W Commerce Street,78207.0,-98.4996,29.42583,Exterior,1,Downtown Design Area,Outdoor-Display,Yes,,12500.0,12500.0,2024.0,,Yes ,,
21,2024.ARG.2.1-4,,Public Art - Exterior,Yes,Remove,Inventory line item was consolidated  in single project line item.,,Michael,Arguello,The Echoes of Market Square,,Mural ,Spray paint on concrete,23' x 17.5',Center City Development & Operations,"Mural on four sides of concrete column featuring a Tejano/conjunto band, pinata patterns, a child swinging at a pinata, and paper pinwheels.","Located within The Pass along Dolorosa Street, third closest to Farmer's Market Building.",2024.0,2024,2017 Bond Program,,,The Pass (Historic Market Square),514 W Commerce Street,78207.0,-98.4996,29.42583,Exterior,1,Downtown Design Area,Outdoor-Display,Yes,,12500.0,12500.0,2024.0,,Yes ,,
22,2023.HUE.1.3,,Public Art - Exterior,Yes,Remove,Inventory line item was consolidated  in single project line item.,,Leticia,Huerta,Bloom,,Sculpture ,Steel,"17'6"" X5'6""",Parks & Recreation,Metal sculpture painted to resemble a Texas Thistle,On view at Blossom Park,2023.0,2023,2017 Bond Program,,,Blossom Park,"15017 Heimer Rd, San Antonio, TX ",78234.0,-98.46631,29.57831,Exterior ,9,No,Outdoor-Display,Yes,,210999.1,50000.0,2023.0,,Yes ,"Halff 
","PWD: Amstar Inc. 
Wanderlust Ironworks"
23,2023.HUE.1.2,,Public Art - Exterior,Yes,Remove,Inventory line item was consolidated  in single project line item.,,Leticia,Huerta,Bloom,,Sculpture ,Steel,"17'x8'6""",Parks & Recreation,Metal sculpture painted to resemble a Praire Celestial,On view at Blossom Park,2023.0,2023,2017 Bond Program,,,Blossom Park,"15016 Heimer Rd, San Antonio, TX ",78233.0,-98.46631,29.57831,Exterior ,9,No,Outdoor-Display,Yes,,210999.1,50000.0,2023.0,,Yes ,"Halff 
","PWD: Amstar Inc. 
Wanderlust Ironworks"
24,2023.GON.1.2,,Public Art - Interior,Yes,Remove,Inventory line item was consolidated  in single project line item.,,Sandra,Gonzalez,"Culture, Colors, and Traditions of San Antonio",,,Painted Mural on Panel,8'x12',Aviation,"1 mural painted on polytab adhered to MDO panels featuring the Mission San Jose rose window, McNay Art Museum, and San Fernando Cathedral.",On view at San Antonio International Airport Termina A baggage claim.,2023.0,2023,Airport Renovation Funds,,,San Antonio International Airport,"9800 Airport Blvd, San Antonio, TX ",78216.0,-98.46901,29.53358,Interior,9,No,Indoor - Display,Yes,,47000.0,47000.0,2023.0,,,,
25,2023.CAD.1.2,,Public Art - Interior,No,Remove,Inventory line item was consolidated  in single project line item.,,Katherine,Cadena,Grandma's Garden,,Mural,Painted Mural on polytab and wood panel,19' x 11',Public Works ,1 mural featuring three two sets of grandparents and children in a garden of flowers.,,2023.0,2023,2017 Bond Program,,,Greater Love Multi-Generational Cultural Community Center,1534 Peck Ave #2,78210.0,-98.439367671308,29.4012000868084,Interior,2,No,Indoor-Display,Yes,,81000.0,81000.0,2023.0,,,,
26,2022.SAS.1.2,,Public Art - Exterior,Yes,Remove,Inventory line item was consolidated  in single project line item.,,San Antonio Street Art Initiative ,,Joyful Momentum ,,Mural,Painted Mural,,Parks & Recreation,Small mural of boy swinging with native flora and fauna.,"On side of building facing Zarzamora 
",2022.0,2022,2017 Bond Program,,,Ramirez Community Center ,1011 Gillette Blvd ,78224.0,-98.53148,29.33131,Exterior,4,No,Outdoor-Display,,,,50000.0,,,Yes ,None ,None 
27,2022.FAB.1.9,,Public Art - Interior,Yes,Remove,Inventory line item was consolidated  in single project line item.,,Joan,Fabian,The Vibrant Village,,Collaged painting,collage and paint on wood,,Center City Development & Operations,Abstract collaged painting,On view at City Tower Concourse and Houston St. Lobbies,2022.0,2022,Certicates of Obligation,,,City Tower,100 W. Houston St.,78205.0,-98.4941023594437,29.4263501350618,Interior,CW,Main/Military Plaza; Downtown Design Area,Indoor- Display,,,,9166.666666666666,,,,,
28,2022.FAB.1.8,,Public Art - Interior,Yes,Remove,Inventory line item was consolidated  in single project line item.,,Joan,Fabian,The Vibrant Village,,Collaged painting,collage and paint on wood,,Center City Development & Operations,Abstract collaged painting,On view at City Tower Concourse and Houston St. Lobbies,2022.0,2022,Certicates of Obligation,,,City Tower,100 W. Houston St.,78205.0,-98.4941023594437,29.4263501350618,Interior,CW,Main/Military Plaza; Downtown Design Area,Indoor- Display,,,,9166.666666666666,,,,,
29,2022.FAB.1.7,,Public Art - Interior,Yes,Remove,Inventory line item was consolidated  in single project line item.,,Joan,Fabian,The Vibrant Village,,Collaged painting,collage and paint on wood,,Center City Development & Operations,Abstract collaged painting,On view at City Tower Concourse and Houston St. Lobbies,2022.0,2022,Certicates of Obligation,,,City Tower,100 W. Houston St.,78205.0,-98.4941023594437,29.4263501350618,Interior,CW,Main/Military Plaza; Downtown Design Area,Indoor- Display,,,,9166.666666666666,,,,,
30,2022.FAB.1.6,,Public Art - Interior,Yes,Remove,Inventory line item was consolidated  in single project line item.,,Joan,Fabian,The Vibrant Village,,Collaged painting,collage and paint on wood,,Center City Development & Operations,Abstract collaged painting,On view at City Tower Concourse and Houston St. Lobbies,2022.0,2022,Certicates of Obligation,,,City Tower,100 W. Houston St.,78205.0,-98.4941023594437,29.4263501350618,Interior,CW,Main/Military Plaza; Downtown Design Area,Indoor- Display,,,,9166.666666666666,,,,,
31,2022.FAB.1.5,,Public Art - Interior,Yes,Remove,Inventory line item was consolidated  in single project line item.,,Joan,Fabian,The Vibrant Village,,Collaged painting,collage and paint on wood,,Center City Development & Operations,Abstract collaged painting,On view at City Tower Concourse and Houston St. Lobbies,2022.0,2022,Certicates of Obligation,,,City Tower,100 W. Houston St.,78205.0,-98.4941023594437,29.4263501350618,Interior,CW,Main/Military Plaza; Downtown Design Area,Indoor- Display,,,,9166.666666666666,,,,,
32,2022.FAB.1.4,,Public Art - Interior,Yes,Remove,Inventory line item was consolidated  in single project line item.,,Joan,Fabian,The Vibrant Village,,Collaged painting,collage and paint on wood,,Center City Development & Operations,Abstract collaged painting,On view at City Tower Concourse and Houston St. Lobbies,2022.0,2022,Certicates of Obligation,,,City Tower,100 W. Houston St.,78205.0,-98.4941023594437,29.4263501350618,Interior,CW,Main/Military Plaza; Downtown Design Area,Indoor- Display,,,,9166.666666666666,,,,,
33,2022.FAB.1.3,,Public Art - Interior,Yes,Remove,Inventory line item was consolidated  in single project line item.,,Joan,Fabian,The Vibrant Village,,Collaged painting,collage and paint on wood,,Center City Development & Operations,Abstract collaged painting,On view at City Tower Concourse and Houston St. Lobbies,2022.0,2022,Certicates of Obligation,,,City Tower,100 W. Houston St.,78205.0,-98.4941023594437,29.4263501350618,Interior,CW,Main/Military Plaza; Downtown Design Area,Indoor- Display,,,,9166.666666666666,,,,,
34,2022.FAB.1.2,,Public Art - Interior,Yes,Remove,Inventory line item was consolidated  in single project line item.,,Joan,Fabian,The Vibrant Village,,Collaged painting,collage and paint on wood,,Center City Development & Operations,Abstract collaged painting,On view at City Tower Concourse and Houston St. Lobbies,2022.0,2022,Certicates of Obligation,,,City Tower,100 W. Houston St.,78205.0,-98.4941023594437,29.4263501350618,Interior,CW,Main/Military Plaza; Downtown Design Area,Indoor- Display,,,,9166.666666666666,,,,,
35,2022.FAB.1.12,,Public Art - Interior,Yes,Remove,Inventory line item was consolidated  in single project line item.,,Joan,Fabian,The Vibrant Village,,Collaged painting,collage and paint on wood,,Center City Development & Operations,Abstract collaged painting,On view at City Tower Concourse and Houston St. Lobbies,2022.0,2022,Certicates of Obligation,,,City Tower,100 W. Houston St.,78205.0,-98.4941023594437,29.4263501350618,Interior,CW,Main/Military Plaza; Downtown Design Area,Indoor- Display,,,,9166.666666666666,,,,,
36,2022.FAB.1.11,,Public Art - Interior,Yes,Remove,Inventory line item was consolidated  in single project line item.,,Joan,Fabian,The Vibrant Village,,Collaged painting,collage and paint on wood,,Center City Development & Operations,Abstract collaged painting,On view at City Tower Concourse and Houston St. Lobbies,2022.0,2022,Certicates of Obligation,,,City Tower,100 W. Houston St.,78205.0,-98.4941023594437,29.4263501350618,Interior,CW,Main/Military Plaza; Downtown Design Area,Indoor- Display,,,,9166.666666666666,,,,,
37,2022.FAB.1.10,,Public Art - Interior,Yes,Remove,Inventory line item was consolidated  in single project line item.,,Joan,Fabian,The Vibrant Village,,Collaged painting,collage and paint on wood,,Center City Development & Operations,Abstract collaged painting,On view at City Tower Concourse and Houston St. Lobbies,2022.0,2022,Certicates of Obligation,,,City Tower,100 W. Houston St.,78205.0,-98.4941023594437,29.4263501350618,Interior,CW,Main/Military Plaza; Downtown Design Area,Indoor- Display,,,,9166.666666666666,,,,,
38,2022.HUE.1.2,,Public Art - Exterior,Yes,Remove,Inventory line item was consolidated  in single project line item.,,Leticia,Huerta,Bloom,,Sculpture ,Painted Steel ,,Parks & Recreation,Metal sculpture painted to resemble an Ironweed ,On view at Tezel Road Greenway Trail ,2022.0,2022,2017 Bond Program,,,Tezel Road Greenway Trail ,"6644 Tezel Rd, San Antonio TX",78250.0,.-98.662808,29.494946,Exterior,6,No,Outdoor-Display,,,,52000.0,,,Yes ,,"Wanderlust Ironworks
"
39,2021.QUI.1.5,,CE - Interior,,Remove,"On inventory twice, once for Public Art and Once for CE. Should be consolidated in single project line item.",1069078,Octavio,Quintanilla,"Union, 2021 (Two pieces are named Union)",,,Works on Paper,14 in. wide x 11 in. tall ,Arts & Culture,Mixed Media (mostly acrylic paint) on Archival Paper,,2021.0,2022,Donation,Artist,,"City Tower, Concourse Level, wall outside Room# 00.W204",100 W. Houston St.,78205.0,,,,,,On Display,Yes,,,2000.0,2022.0,,,,
40,2021.QUI.1.4,,CE - Interior,,Remove,"On inventory twice, once for Public Art and Once for CE. Should be consolidated in single project line item.",1069079,Octavio,Quintanilla,"Organized, 2021",,,Works on Paper,14 in. wide x 11 in. tall ,Arts & Culture,Mixed Media (mostly acrylic paint) on Archival Paper,,2021.0,2022,Donation,Artist,,"City Tower, Concourse Level, wall outside Room# 00.W204",100 W. Houston St.,78205.0,,,,,,On Display,Yes,,,2000.0,2022.0,,,,
41,2021.QUI.1.4,,Public Art - Interior,Yes,Remove,"On inventory twice, once for Public Art and Once for CE. Should be consolidated in single project line item.",,Octavio,Quintanilla,"Organized, 2021",,Works on Paper,Mixed Media (mostly acrylic paint) on Archival Paper,11”x14”,Arts & Culture,"This image references the line: “is there anything left to us but to organize and fight?” The figures stand together, raising their arms in protest, one stretching her arms to protect the rest. Behind her, the other figures stand in solidarity.  ",,2021.0,2022,Donation ,Octavillo Quintanilla ,,City Tower,100 W. Houston St.,78205.0,-98.4941023594437,29.4263501350618,,CW,"Downtown Design Area
RIO-3",Indoor- Display ,,,,2000.0,,,Yes ,,
42,2021.QUI.1.3,,CE - Interior,,Remove,"On inventory twice, once for Public Art and Once for CE. Should be consolidated in single project line item.",1069080,Octavio,Quintanilla,"Con el corazón en alto, 2021",,,Works on Paper,14 in. wide x 11 in. tall ,Arts & Culture,Mixed Media (mostly acrylic paint) on Archival Paper,,2021.0,2022,Donation,Artist,,"City Tower, Concourse Level, wall outside Room# 00.W204",100 W. Houston St.,78205.0,,,,,,On Display,Yes,,,2000.0,2022.0,,,,
43,2021.QUI.1.3,,Public Art - Interior,Yes,Remove,"On inventory twice, once for Public Art and Once for CE. Should be consolidated in single project line item.",,Octavio,Quintanilla,"Con el corazón en alto, 2021",,Works on Paper,Mixed Media (mostly acrylic paint) on Archival Paper,11”x14”,Arts & Culture,"This piece utilizes abstraction to suggest farm workers working in a field.  While their bodies run counter the rows, their elongated form suggest that they are intrinsically part of the fields. Highlighting how essential labor is to all that is earth and dignity in work. ",,2021.0,2022,Donation ,Octavillo Quintanilla ,,City Tower,100 W. Houston St.,78205.0,-98.4941023594437,29.4263501350618,,CW,"Downtown Design Area
RIO-3",Indoor- Display ,,,,2000.0,,,Yes ,,
44,2021.QUI.1.2,,CE - Interior,,Remove,"On inventory twice, once for Public Art and Once for CE. Should be consolidated in single project line item.",1069081,Octavio,Quintanilla,"Unión, 2021",,,Works on Paper,14 in. wide x 11 in. tall ,Arts & Culture,Mixed Media (mostly acrylic paint) on Archival Paper,,2021.0,2022,Donation,Artist,,"City Tower, Concourse Level, wall outside Room# 00.W204",100 W. Houston St.,78205.0,,,,,,On Display,Yes,,,2000.0,2022.0,,,,
45,2021.QUI.1.2,,Public Art - Interior,Yes,Remove,"On inventory twice, once for Public Art and Once for CE. Should be consolidated in single project line item.",,Octavio,Quintanilla,"Unión, 2021",,Works on Paper,Mixed Media (mostly acrylic paint) on Archival Paper,11”x14”,Arts & Culture,The piece speaks to this struggle. The tile Unión means “union” in Spanish. The only difference is the accent mark on the “o”—making the word friendly to the Spanish and English speaker. The image and tile allude to the minorities who commonly worked in these railroad jobs.   ,,2021.0,2022,Donation ,Octavillo Quintanilla ,,City Tower,100 W. Houston St.,78205.0,-98.4941023594437,29.4263501350618,,CW,"Downtown Design Area
RIO-3",Indoor- Display ,,,,2000.0,,,Yes ,,
46,2021.QUI.1.1,,CE - Interior,,Remove,"On inventory twice, once for Public Art and Once for CE. Should be consolidated in single project line item.",1069082,Octavio,Quintanilla,"A New World, 2021",,,Works on Paper,14 in. wide x 11 in. tall ,Arts & Culture,Mixed Media (mostly acrylic paint) on Archival Paper,,2021.0,2022,Donation,Artist,,"City Tower, Concourse Level, wall outside Room# 00.W204",100 W. Houston St.,78205.0,,,,,,On Display,Yes,,,2000.0,2022.0,,,,
47,2021.QUI.1.1,,Public Art - Interior,Yes,Remove,"On inventory twice, once for Public Art and Once for CE. Should be consolidated in single project line item.",,Octavio,Quintanilla,"A New World, 2021",,Works on Paper,Mixed Media (mostly acrylic paint) on Archival Paper,11”x14”,Arts & Culture,"This image echoes various aspect of Labor using tool imagery. The hammer signifies the tool to feed our families, as the means to make a new world. The dove symbolizes a world of peace and solidarity. The figures stand together as the smoke of the chimney rises above them.",,2021.0,2022,Donation ,Octavillo Quintanilla ,,City Tower,100 W. Houston St.,78205.0,-98.4941023594437,29.4263501350618,,CW,"Downtown Design Area
RIO-3",,,,,2000.0,,,Yes ,,
48,2021.HUE.4.1,,Public Art - Exterior,Yes,Remove,Inventory line item was consolidated  in single project line item.,,Leticia,Huerta,Bloom,,Sculpture ,Steel,,Parks & Recreation,Metal sculpture painted to resemble Four Nerve Daisy flower,On view at Mario Farias Park,2021.0,2021,2015 Sales Tax,,,Mario Farias Park,"1012 Leal Street, San Antonio, TX, 78207",78207.0,-98.51757,29.43419,Exterior,1,No,Public ,,,,45000.0,,,,,
49,2020.COR1.4,,Public Art - Exterior,Yes,Remove,Inventory line item was consolidated  in single project line item.,,Carlos & Doroteo,Cortes & Garza ,Najo Jam ,,Sculpture ,Concrete ,,Parks & Recreation,Reinforced concrete sculpture made to look like a stone and wood bench ,On view at park ,2020.0,2020,2017 Bond Program,,,Comanche Lookout Park ,15554 Nacogdoches Rd,78247.0,-98.36695,29.58274,Exterior,10,No,Public ,,,,20556.53,,,,,
50,2020.COR.1.5,,Public Art - Exterior,Yes,Remove,Inventory line item was consolidated  in single project line item.,,Carlos & Doroteo,Cortes & Garza ,Najo Jam ,,Sculpture ,Concrete ,,Parks & Recreation,Reinforced concrete sculpture made to look like a large stone pot ,On view at park ,2020.0,2020,2017 Bond Program,,,Comanche Lookout Park ,15555 Nacogdoches Rd,78247.0,-98.36695,29.58274,Exterior,10,No,Public ,,,,50000.0,,,,,
51,2020.COR.1.3,,Public Art - Exterior,Yes,Remove,Inventory line item was consolidated  in single project line item.,,Carlos & Doroteo,Cortes & Garza ,Najo Jam ,,Sculpture ,Concrete ,,Parks & Recreation,Reinforced concrete sculpture made to look like a stone and wood bench ,On view at park ,2020.0,2020,2017 Bond Program,,,Comanche Lookout Park ,15553 Nacogdoches Rd,78247.0,-98.36695,29.58274,Exterior,10,No,Public ,,,,20556.53,,,,,
52,2020.COR.1.2,,Public Art - Exterior,Yes,Remove,Inventory line item was consolidated  in single project line item.,,Carlos & Doroteo,Cortes & Garza ,Najo Jam ,,Sculpture ,Concrete ,,Parks & Recreation,Reinforced concrete sculpture made to look like a stone bench ,On view at park ,2020.0,2020,2017 Bond Program,,,Comanche Lookout Park ,15552 Nacogdoches Rd,78247.0,-98.36695,29.58274,Exterior,10,No,Public ,,,,64239.17,,,,,
53,2018.LIT.1.2,,Public Art - Interior,Yes,Remove,Inventory line item was consolidated  in single project line item.,,Ken ,Little,Victory and Defeat (Smiling),,Sculpture,"Powder coated cast iron, sprayed copper coating","22"" x 48"" x 48""",Convention & Sports Facilities,(Smiling) Alternating frowning and smiling faces on humorous cast iron sculptures of feet. Reflects personal histories and reflect the successes and failures of each generation.,,1997.0,2018,Non-Bond (Convention Center),Ken Little (Acquisition),,,,,,,Indoor - Display,,,,Yes,,24000.0,24000.0,2018.0,,No,Curated by Ruben Cordova ,Kenny Warren 
54,2018.MER.1.3,,Public Art - Exterior,Yes,Remove,Inventory line item was consolidated  in single project line item.,,Deborah,Mersky,Reverse Cornucopia - Ice House,,Façade,Treated cut metal panels,,Solid Waste Management ,Porcelain enamel and cut metal,,2018.0,2018,Certicates of Obligation ,,,Southeast Service Center,1318 SE Loop 410,78220.0,-98.38785,29.41043,exterior,2,No,Outdoor - Display,Yes,,25000.0,25000.0,,,,,
55,2018.MER.1.2,,Public Art - Exterior,Yes,Remove,Inventory line item was consolidated  in single project line item.,,Deborah,Mersky,Reverse Cornucopia - Wash Bldg,,Façade,Treated cut metal panels,,Solid Waste Management ,Porcelain enamel and cut metal,,2018.0,2018,Certicates of Obligation ,,,Southeast Service Center,1318 SE Loop 410,78220.0,-98.38785,29.41043,exterior,2,No,Outdoor - Display,Yes,,75000.0,75000.0,,,,,
56,2002.ALV.1.9,,Public Art - Exterior,Yes,Remove,Inventory line item was consolidated  in single project line item.,,Oscar,Alvarado,Untitled,,Mural (Mosaic),Mixed Media,1 of 11,Center City Development & Operations,This mural depicts the river flowing through each of the San Antonio Missions ,San Antonio River Walk from Houston to Lexington,2002.0,2002,1999 Bond Program,,,San Antonio River Walk ,River Walk @ St. Mary's St.west Bank ,78205.0,-98.49230199999994,29.428011000000083,exterior,CW,Military Plaza,Outdoor - Display,Yes,,17250.0,5000.0,,,Yes,Bender Well & Clark,
57,2002.ALV.1.8,,Public Art - Exterior,Yes,Remove,Inventory line item was consolidated  in single project line item.,,Oscar,Alvarado,Untitled,,Mural (Mosaic),Mixed Media,1 of 11,Center City Development & Operations,"Located under the St. Mary's St. Bridge, this mural depicts a map of San Antonio in 1836.",San Antonio River Walk from Houston to Lexington,2002.0,2002,1999 Bond Program,,,San Antonio River Walk ,River Walk @ St. Mary's St. East bank ,78205.0,-98.49230199999994,29.428011000000083,exterior,CW,Military Plaza,Outdoor - Display,Yes,,17250.0,800.0,,,Yes,Bender Well & Clark,
58,2002.ALV.1.7,,Public Art - Exterior,Yes,Remove,Inventory line item was consolidated  in single project line item.,,Oscar,Alvarado,Convent St. Mural,,Mural (Mosaic),Mixed Media,1 of 11,Center City Development & Operations,"Designed by Larry Clark, the tile mural is a blue and white swirl design",San Antonio River Walk from Houston to Lexington,2002.0,2002,1999 Bond Program,,,San Antonio River Walk ,River Walk @ Convent St. East Bank,78205.0,-98.49230199999994,29.428011000000083,exterior,CW,Military Plaza,Outdoor - Display,Yes,,17250.0,5000.0,,,Yes,Bender Well & Clark,
59,2002.ALV.1.6,,Public Art - Exterior,Yes,Remove,Inventory line item was consolidated  in single project line item.,,Oscar,Alvarado,Untitled,,Mural (Mosaic),Mixed Media,1 of 11,Center City Development & Operations,Mosaic mural depicting a perspective view of a stone pedestrian bridge over the river,San Antonio River Walk from Houston to Lexington,2002.0,2002,1999 Bond Program,,,San Antonio River Walk ,River Walk @ Martin St. West Bank,78205.0,-98.49230199999994,29.428011000000083,exterior,CW,Military Plaza,Outdoor - Display,Yes,,17250.0,800.0,,,Yes,Bender Well & Clark,
60,2002.ALV.1.5,,Public Art - Exterior,Yes,Remove,Inventory line item was consolidated  in single project line item.,,Oscar,Alvarado,Untitled,,Mural (Mosaic),Mixed Media,1 of 11,Center City Development & Operations,"Mosaic tile mural depicst an abstract, bird's eye view of the river winding through a bend",San Antonio River Walk from Houston to Lexington,2002.0,2002,1999 Bond Program,,,San Antonio River Walk ,River Walk @ Martin St. East Bank,78205.0,-98.49230199999994,29.428011000000083,exterior,CW,Military Plaza,Outdoor - Display,Yes,,17250.0,12000.0,,,Yes,Bender Well & Clark,
61,2002.ALV.1.4,,Public Art - Exterior,Yes,Remove,Inventory line item was consolidated  in single project line item.,,Oscar,Alvarado,Untitled,,Mural (Mosaic),Mixed Media,1 of 11,Center City Development & Operations,"Mosaic tile mural within a quatrefoil, depicting various freeways in Bexar County",San Antonio River Walk from Houston to Lexington,2002.0,2002,1999 Bond Program,,,San Antonio River Walk ,River Walk @ Pecan St. West bank,78205.0,-98.49230199999994,29.428011000000083,exterior,CW,Military Plaza,Outdoor - Display,Yes,,17250.0,800.0,,,Yes,Bender Well & Clark,
62,2002.ALV.1.3,,Public Art - Exterior,Yes,Remove,Inventory line item was consolidated  in single project line item.,,Oscar,Alvarado,Untitled,,Mural (Mosaic),Mixed Media,1 of 11,Center City Development & Operations,Mosiac tile mural within a quatrefoil depicting various creeks and rivers in Bexar County,San Antonio River Walk from Houston to Lexington,2002.0,2002,1999 Bond Program,,,San Antonio River Walk ,River Walk @ Pecan St. East bank,78205.0,-98.49230199999994,29.428011000000083,exterior,CW,Military Plaza,Outdoor - Display,Yes,,17250.0,800.0,,,Yes,Bender Well & Clark,
63,2002.ALV.1.2,,Public Art - Exterior,Yes,Remove,Inventory line item was consolidated  in single project line item.,,Oscar,Alvarado,Untitled,,Mural (Mosaic),Mixed Media,1 of 11,Center City Development & Operations,"Mosiac mural depicting a map of downtown San Antonio streets and the river as it flows through downtown, over streets & bridges and beyond the borders of the mural",San Antonio River Walk from Houston to Lexington,2002.0,2002,1999 Bond Program,,,San Antonio River Walk ,River Walk @ Travis St. West Bank,78205.0,-98.49230199999994,29.428011000000083,exterior,CW,Military Plaza,Outdoor - Display,Yes,,17250.0,5000.0,,,Yes,Bender Well & Clark,
64,2002.ALV.1.12,,Public Art - Exterior,Yes,Remove,Inventory line item was consolidated  in single project line item.,,Oscar,Alvarado,Untitled,,Mural (Mosaic),Mixed Media,1 of 11,Center City Development & Operations,These two tile murals are an abstract of a cross section through Texas with clouds above drawn by local artist Robert Tatum,San Antonio River Walk from Houston to Lexington,2002.0,2002,1999 Bond Program,,,San Antonio River Walk ,Riverwalk @ Richmond St. west bank,78205.0,-98.49230199999994,29.428011000000083,exterior,CW,Military Plaza,Outdoor - Display,Yes,,17250.0,5000.0,,,Yes,Bender Well & Clark,
65,2002.ALV.1.11,,Public Art - Exterior,Yes,Remove,Inventory line item was consolidated  in single project line item.,,Oscar,Alvarado,Untitled,,Mural (Mosaic),Mixed Media,1 of 11,Center City Development & Operations,These two tile murals are an abstract of a cross section through Texas with clouds above drawn by local artist Robert Tatum,San Antonio River Walk from Houston to Lexington,2002.0,2002,1999 Bond Program,,,San Antonio River Walk ,Riverwalk @ Richmond St. east bank,78205.0,-98.49230199999994,29.428011000000083,exterior,CW,Military Plaza,Outdoor - Display,Yes,,17250.0,5000.0,,,Yes,Bender Well & Clark,
66,2002.ALV.1.10,,Public Art - Exterior,Yes,Remove,Inventory line item was consolidated  in single project line item.,,Oscar,Alvarado,Untitled,,Mural (Mosaic),Mixed Media,1 of 11,Center City Development & Operations,This tile mural is a portrait of Jose Antonio Navarro,San Antonio River Walk from Houston to Lexington,2002.0,2002,1999 Bond Program,,,San Antonio River Walk ,Riverwalk @ Navarro St. West bank,78205.0,-98.49230199999994,29.428011000000083,exterior,CW,Military Plaza,Outdoor - Display,Yes,,17250.0,5000.0,,,Yes,Bender Well & Clark,
67,2002.ALV.1.13,,Public Art - Exterior,Yes,Remove,Inventory line item was consolidated  in single project line item.,,Oscar,Alvarado,Untitled,,Mural ,Mixed Media; Mosaic ,,Center City Development & Operations,Mosaic tile mural was based on the shadows and light values cast by the original Isaac Maxwell light fixture ,"1 of 2 Alvarado works in Convent Park, 1999-2003 bond",2002.0,2002,1999 Bond Program,,,Convent Park,204 Convent Park @ Augusta,78205.0,-98.49273599899993,29.430067333000068,exterior,1,Military Plaza,Outdoor - Display,Yes,,4500.0,5000.0,,,Yes,Bender Well & Clark,
68,2018.FRE.1.16,,Public Art - Exterior,Yes,Remove,Inventory line item was consolidated  in single project line item.,,French & Michigan,,"CPS Mural, ""Time Capsules Reflections of Our Changing Community""",,Framed Mural,One painted steel frames,4'x 3',Arts & Culture,One painted steel frame (16 total) with artwork from students at nearby schools. Photographic print on MDO board.,Artworks rotate every 1-2 years,2018.0,2018,2012 Bond Program,,,Blanco Road  CPS Substation at Dresden,5283 Blanco Drive ,78213.0,-98.508144,29.498953,Exterior ,1,No,Outdoor - Display,Yes,,22500.0,22500.0,,,Yes,,
69,2018.FRE.1.11-1.15,,Public Art - Exterior,Yes,Remove,Inventory line item was consolidated  in single project line item.,,French & Michigan,,"CPS Mural, ""Time Capsules Reflections of Our Changing Community""",,Framed Mural,Four painted steel frames,4' x 5.5',Arts & Culture,Four painted steel frames (16 total) with artwork from students at nearby schools. Photographic print on MDO board.,Artworks rotate every 1-2 years,2018.0,2018,2012 Bond Program,,,Blanco Road  CPS Substation at Dresden,5283 Blanco Drive ,78213.0,-98.508144,29.498953,Exterior ,1,No,Outdoor - Display,Yes,,22500.0,22500.0,,,Yes,,
70,2014.ROD.2,,Public Art - Exterior,Yes,Remove,Inventory line item was consolidated  in single project line item.,,Angel,Rodríguez-Díaz,Crossroads of Enlightenment,,Sculpture ,Steel,"Towers: 30'X10' D, 20’ H; Bases: 10’ H, 10’ D",Public Works ,Two steel sculptures that serve as a neighborhood gateway. Carved with references of the surrounding area.,,2014.0,2014,2012 Bond Program,,,Blanco Road at Basse,4400 Blanco Road,78212.0,-98.5078,29.4883,exterior ,1,No,Outdoor - Display,Yes,,218200.0,218200.0,,,Yes,,
71,2006.BUD.1.3,,Public Art - Exterior,Yes,Remove,Inventory line item was consolidated  in single project line item.,,Susan ,Budge,Waterworks,,Sculpture,Ceramic,,Parks & Recreation,"Dark blue and green horizontal form, represents a flowing stream of water.","Brackenridge Park Wilderness Trails 

The blue statue references George Brackenridge and his ""waterworks,"" which supplied much of San Antonio with clean water during the late 19th-century.Three fired clay sculptures, incorporating stories of Brackenridge Park's history, located at trailheads within the Park. All mounted on top of rock cairn structure",2006.0,2006,1999 Bond Program,,,Brackenridge Park,3700 North St. Mary's ,78212.0,-98.47449133299995,29.456246667000073,exterior,2,RIO-1,Outdoor - Display,Yes,,13000.0,15000.0,,,yes,Rialto Studio,
72,2006.BUD.1.2,,Public Art - Exterior,Yes,Remove,Inventory line item was consolidated  in single project line item.,,Susan ,Budge,Anaqua,,Sculpture,Ceramic,,Parks & Recreation,"Fired clay, burnt orange, vertical bird head, pointing towards the sky, with hollow eye, and small anaqua seed in the its mouth. Represents a bird with an anaqua seed in its mouth.",,2006.0,2006,1999 Bond Program,,,Brackenridge Park,3700 North St. Mary's ,78212.0,-98.47232033299991,29.461282667000035,exterior,2,RIO-1,Outdoor - Display,Yes,,13000.0,15000.0,,,yes,Rialto Studio,
73,2014.CAI.1.3,,Public Art - Exterior,Yes,Remove,Inventory line item was consolidated  in single project line item.,,Andrea ,Cailouet,Urban Porch,,Bus Shelter,Powder-coated steel,,Public Works ,,Behind Guadalupe Cultural Arts Education Center,2014.0,2014,CDBG Grant,,,Guadalupe Cultural Arts Center,1213 Guadalupe St. ,78207.0,-98.51387,29.41858,Exterior ,5,No,Condition issues,Yes,,270000.0,270000.0,,,,,
74,2014.CAI.1.2,,Public Art - Exterior,Yes,Remove,Inventory line item was consolidated  in single project line item.,,Andrea ,Cailouet,Urban Porch,,Bus Shelter,Powder-coated steel,,Public Works ,,Next to teater ,2014.0,2014,CDBG Grant,,,Guadalupe Cultural Arts Center,723 S. Brazos St.,78207.0,-98.51448,29.42006,Exterior ,5,No,Condition issues,Yes,,270000.0,270000.0,,,,,
75,1941.GRE.8,,Public Art - Exterior,Yes,Remove,Inventory line item was consolidated  in single project line item.,,Mary Vance,Green,Soldiers Leave for Civil War,,Tile,Tile,"36 x 24""",Center City Development & Operations,"6, 12inx12in hand painted w/3d molded ceramic tiles","The sculptural tiles were designed by artist Mary Vance Green, and carved, glazed and fired by students from the National Youth Administration(NYA) program.

Cos House Courtyard",,1941,Donation,,,"La Villita, Cos House Courtyard",418 Villita,78205.0,-98.48854486199991,29.421337079000068,exterior,CW,La Villita,Storage,Yes,,,5000.0,,,,,
76,1941.GRE.7,,Public Art - Exterior,Yes,Remove,Inventory line item was consolidated  in single project line item.,,Mary Vance,Green,Maury Maverick & President Roosevelt-La Villita,,Tile,Tile,"36 x 24""",Center City Development & Operations,"6, 12inx12in hand painted w/3d molded ceramic tiles","The sculptural tiles were designed by artist Mary Vance Green, and carved, glazed and fired by students from the National Youth Administration(NYA) program.

Cos House Courtyard",,1941,Donation,,,"La Villita, Cos House Courtyard",418 Villita,78205.0,-98.48854486199991,29.421337079000068,exterior,CW,La Villita,Storage,Yes,,,5000.0,,,,,
77,1941.GRE.6,,Public Art - Exterior,Yes,Remove,Inventory line item was consolidated  in single project line item.,,Mary Vance,Green,General Burleson & Cos-Terms of Surrender,,Tile,Tile,"24"" x 36""",Center City Development & Operations,"6, 12inx12in hand painted w/3d molded ceramic tiles","The sculptural tiles were designed by artist Mary Vance Green, and carved, glazed and fired by students from the National Youth Administration(NYA) program.

Cos House Courtyard",,1941,Donation,,,"La Villita, Cos House Courtyard",418 Villita,78205.0,-98.48854486199991,29.421337079000068,exterior,CW,La Villita,Storage,Yes,,,5000.0,,,,,
78,1941.GRE.5,,Public Art - Exterior,Yes,Remove,Inventory line item was consolidated  in single project line item.,,Mary Vance,Green,Cattle Herded for Chisolm Trial,,Tile,Tile,"24"" x 36""",Center City Development & Operations,"6, 12inx12in hand painted w/3d molded ceramic tiles","The sculptural tiles were designed by artist Mary Vance Green, and carved, glazed and fired by students from the National Youth Administration(NYA) program.

Cos House Courtyard",,1941,Donation,,,"La Villita, Cos House Courtyard",418 Villita,78205.0,-98.48854486199991,29.421337079000068,exterior,CW,La Villita,Storage,Yes,,,5000.0,,,,,
79,1941.GRE.4,,Public Art - Exterior,Yes,Remove,Inventory line item was consolidated  in single project line item.,,Mary Vance,Green,Cabeza de Vaca Trading Hides with Indians,,Tile,Tile,"24"" x 36""",Center City Development & Operations,"6, 12inx12in hand painted w/3d molded ceramic tiles","The sculptural tiles were designed by artist Mary Vance Green, and carved, glazed and fired by students from the National Youth Administration(NYA) program.",,1941,Donation,,,"La Villita, Cos House Courtyard",418 Villita,78205.0,-98.48854486199991,29.421337079000068,exterior,CW,La Villita,Storage,Yes,,,5000.0,,,,,
80,1941.GRE.3,,Public Art - Exterior,Yes,Remove,Inventory line item was consolidated  in single project line item.,,Mary Vance,Green,1836 Eve of Battle at the Alamo,,Tile,Tile,"12"" x 12"" (6)",Center City Development & Operations,"6, 12inx12in hand painted w/3d molded ceramic tiles","The sculptural tiles were designed by artist Mary Vance Green, and carved, glazed and fired by students from the National Youth Administration(NYA) program.

Cos House Courtyard",,1941,Donation,,,"La Villita, Cos House Courtyard",418 Villita,78205.0,-98.48854486199991,29.421337079000068,exterior,CW,La Villita,Storage,Yes,,,5000.0,,,,,
81,1941.GRE.2,,Public Art - Exterior,Yes,Remove,Inventory line item was consolidated  in single project line item.,,Mary Vance,Green,1811 Colonel Delgado,,Tile,Tile,"12"" x 12"" (6)",Center City Development & Operations,"6, 12inx12in hand painted w/3d molded ceramic tiles","The sculptural tiles were designed by artist Mary Vance Green, and carved, glazed and fired by students from the National Youth Administration(NYA) program.",,1941,Donation,,,"La Villita, Cos House Courtyard",418 Villita,78205.0,-98.48854486199991,29.421337079000068,exterior,CW,La Villita,Storage,Yes,,,5000.0,,,,,
82,2016.SIM.2.2,,Public Art - Exterior,Yes,Remove,Inventory line item was consolidated  in single project line item.,,Buster ,Simpson,Wickiup Encampment (Bench),,Shade Structure,Stone,,Parks & Recreation,Concrete snake bench. ,,2016.0,2016,2012 Bond Program,,,Pearsall Park,4838 Old Pearsall Rd.,78242.0,-98.5927074,29.3539369,Exterior ,4,Military Plaza,Outdoor - Display,Yes,,218000.0,218000.0,,,Yes,,
83,2016.SIM.2.1,,Public Art - Exterior,Yes,Remove,Inventory line item was consolidated  in single project line item.,,Buster ,Simpson,Wickiup Encampment,,Shade Structure,"Steel, mesh",13' x 52' and 13' x 26',Parks & Recreation,Sites with one metal dome made of metal mesh.,,2016.0,2016,2012 Bond Program,,,Pearsall Park,4838 Old Pearsall Rd.,78242.0,-98.5927074,29.3539369,Exterior ,4,Military Plaza,Outdoor - Display,Yes,,218000.0,218000.0,,,Yes,,
84,2016.SIM.1.2,,Public Art - Exterior,Yes,Remove,Inventory line item was consolidated  in single project line item.,,Buster ,Simpson,Wickiup Overlook (Bench),,Shade Structure,concrete,,Parks & Recreation,Concrete triangle bench. ,,2016.0,2016,2012 Bond Program,,,Pearsall Park,4838 Old Pearsall Rd.,78242.0,-98.5927074,29.3539369,Exterior ,4,Military Plaza,Outdoor - Display,Yes,,110000.0,110000.0,,,Yes,,
85,2011.ZUB.1.1,,Public Art - Exterior,Yes,,Inventory line item was consolidated  in single project line item.,,Peter,Zubiate,Stone Oak Shadows,Three Dimensional ,Sculpture,"Wood, steel","10'x 8'6"" x 3'6""",Library,"Colorful steel cut tree shadows, layered in a niche in the library's entrance",,2011.0,2011,2007 Bond Program,,,Parman Branch library,20735 Wilderness Oak Dr ,78260.0,-98.51646849699995,29.63479503700006,,9,No,Outdoor - Display,Yes,,43724.0,10000.0,,,,,
86,2011.SAU.1.3,,Public Art - Exterior,Yes,,Inventory line item was consolidated  in single project line item.,,Chris ,Sauter,Foundations,Two Dimensional,Painting,"Acrylic paint, mixed media",,Library,"mixed-media mural for the library’s interior metaphorically illustrates the deep stretch of geological history that lies beneath the grounds of the new library. The layers include paint, dirt, magazine clippings, and other 2D historical relics",,2011.0,2011,2007 Bond Program,,,Mission Branch Library,3134 Roosevelt Ave. ,78214.0,-98.48008,29.36514,,3,Mission,Indoor - Display,Yes,,66750.0,15000.0,,,,,
87,2011.SAU.1.1,,Public Art - Exterior,Yes,,Inventory line item was consolidated  in single project line item.,,Chris ,Sauter,Core Samples - Projector,Three Dimensional ,Sculpture,"concrete stone, artifacts",,Library,Two outdoor sculptures resembling geological “core samples” that have been excavated from the library grounds. One is positioned near the entrance of the library and projects the library’s name onto the building. A projector and other artifacts are embedded within the stained concrete structure.,,2011.0,2011,2007 Bond Program,,,Mission Branch Library,3134 Roosevelt Ave. ,78214.0,-98.48008,29.36514,,3,Mission,Outdoor - Display,Yes,,66750.0,35000.0,,,,,
88,2018.VAR.6,,CE - Interior,Yes,,Duplicate,,Kathy,Vargas,Corazon de Luto,Two Dimensional,Print,Mixed Media,,Library,Framed lithograph,,,2017,,,,Central Library,600 Soledad,78205.0,-98.4929085,29.43247,,1,"RIO-3
RIO-7A Downtown Design Area
Individual Landmark",Indoor-Display,Yes,,,1200.0,,,,,
89,2018.FER.9,,CE - Interior,Yes,,Duplicate,,Ana,Fernandez,Flight,Two Dimensional,Painting,,,Library,Framed oil on canvas,,,2017,,,,Central Library,600 Soledad,78205.0,,,,,,,,,,8500.0,,,,,
90,2018.MARTI.1,,CE - Interior,Yes,,Duplicate,,Cesar,Martinez,Bato Verde ,Two Dimensional,Painting,,,Library,Oil on canvas,,,2017,,,,Central Library,600 Soledad,78205.0,,,,,,,Yes,,,8000.0,,,,,
91,Ajones_ABlackGirl'sSoulCleanse,,Loan,Yes,,Loan ended ,,Alethia,Jones,A Black Girl's Soul Cleanse,,,"burn marks, acrylic, and marker on leather",16in × 20in,Arts & Culture,"burn marks, acrylic, and marker on leather16in × 20in",Between Yesterday and Tomorrow,,,,On loan from artist,,Culture Commons at Plaza de Armas,115 Plaza de Armas,78205.0,-98.49614,29.42485,,,,Indoor-Display,Yes,,,3000.0,2022.0,,,,
92,Ajones_SheShinesHerLight,,Loan,Yes,,Loan ended ,,Alethia,Jones,She Shines Her Light,,,"burn marks, acrylic, and marker on leather",16in × 20in,Arts & Culture,"burn marks, acrylic, and marker on leather16in × 20in",Between Yesterday and Tomorrow,,,,On loan from artist,,Culture Commons at Plaza de Armas,115 Plaza de Armas,78205.0,-98.49614,29.42485,,,,Indoor-Display,Yes,,,3000.0,2022.0,,,,
93,Ajones_SoundTherapy ,,Loan,Yes,,Loan ended ,,Alethia,Jones,Sound Therapy ,,,"burn marks, acrylic, and marker on leather",16in × 20in,Arts & Culture,"burn marks, acrylic, and marker on leather16in × 20in",Between Yesterday and Tomorrow,,,,On loan from artist,,Culture Commons at Plaza de Armas,115 Plaza de Armas,78205.0,-98.49614,29.42485,,,,Indoor-Display,Yes,,,3000.0,2022.0,,,,
94,1918.SAL.3,,Public Art - Interior,Yes,,Loan ended ,,Sal,Salomon,Dr. Frederick Terrell,,,Oil on canvas,,Office of the City Clerk,Mayoral Portrait,served 1903,1918.0,1918,Donation,,,Municipal Plaza Building,114 West Commerce,78205.0,-98.49411936699994,29.42484219000005,,1,Main Plaza,Indoor - Display,Yes,,,5000.0,,,,,
95,Aweddle_Food Chain,,Loan,Yes,,Loan ended ,,Angela,Weddle,Food Chain,,,Drawing,"11"" x 14"" (16x20 frame)",Arts & Culture,"Drawing11"" x 14"" (16x20 frame)",Between Yesterday and Tomorrow,,,,On loan from artist,,Culture Commons at Plaza de Armas,115 Plaza de Armas,78205.0,-98.49614,29.42485,,,,Indoor-Display,Yes,,,1000.0,2022.0,,,,
96,AWeddle_Growth,,Loan,Yes,,Loan ended ,,Angela,Weddle,Growth,,,Drawing,"11"" x 14"" (16x20 frame)",Arts & Culture,"Drawing11"" x 14"" (16x20 frame)",Between Yesterday and Tomorrow,,,,On loan from artist,,Culture Commons at Plaza de Armas,115 Plaza de Armas,78205.0,-98.49614,29.42485,,,,Indoor-Display,Yes,,,1000.0,2022.0,,,,
97,Aweddle_Sprawl,,Loan,Yes,,Loan ended ,,Angela,Weddle,Sprawl,,,Drawing,"11"" x 14"" (16x20 frame)",Arts & Culture,"Drawing11"" x 14"" (16x20 frame)",Between Yesterday and Tomorrow,,,,On loan from artist,,Culture Commons at Plaza de Armas,115 Plaza de Armas,78205.0,-98.49614,29.42485,,,,Indoor-Display,Yes,,,1000.0,2022.0,,,,
98,1918.SAL.2,,Public Art - Interior,Yes,,Loan ended ,,Sal,Salomon,Marshall Hicks,,,Oil on canvas,,Office of the City Clerk,Mayoral Portrait,served 1903,1918.0,1918,Donation,,,Municipal Plaza Building,114 West Commerce,78205.0,-98.49411936699994,29.42484219000005,,1,Main Plaza,Indoor - Display,Yes,,,5000.0,,,,,
99,1918.SAL.1,,Public Art - Interior,Yes,,Loan ended ,,Sal,Salomon,Henry Elmendorf,,,Oil on canvas,,Office of the City Clerk,Mayoral Portrait,served 1894-97,1918.0,1918,Donation,,,Municipal Plaza Building,114 West Commerce,78205.0,-98.49411936699994,29.42484219000005,,1,Main Plaza,Indoor - Display,Yes,,,5000.0,,,,,
100,Cartiness Johnson_Invitation Only ,,Loan,Yes,,Loan ended ,,Carmen,Cartiness Johnson,Invitation Only ,,,Acrylic on canvas,"42"" x 72""",Arts & Culture,"Acrylic on canvas42"" x 72""",Between Yesterday and Tomorrow,,,,On loan from artist,,Culture Commons at Plaza de Armas,115 Plaza de Armas,78205.0,-98.49614,29.42485,,,,Indoor-Display,Yes,,,20000.0,2022.0,,,,
101,1918.NA.1,,Public Art - Exterior,Yes,,Loan ended ,,,,Camino Real Monument,,,Granite,,Parks & Recreation,Gift from D.A.R & the state of Texas,,1918.0,1918,Donation,Gift from D.A.R & the state of Texas,,San Pedro Springs Park,1315 San Pedro,78212.0,-98.50162289299993,29.44690490100004,,1,Military Plaza,Outdoor - Restricted,Yes,,,5000.0,,,,,
102,1915.NA.1,,Public Art - Exterior,Yes,,Loan ended ,,,,Koehler Park Gates,,,"Stone, Metal",,Parks & Recreation,Two stone gates with black and gold metal on either side of N. St. Mary's before round about on Tuleta Drive.,Brackenridge Park Koehler Park,1915.0,1915,Donation,,,Brackenridge Park,3874 N St Mary's ,78209.0,-98.47402,29.461674,,2,RIO-1,Outdoor - Display,Yes,,,50000.0,,,,,
103,1914.TAU.1,,Public Art - Exterior,Yes,,Loan ended ,,Waldine,Tauch,First Inhabitant,,,Stone,"7'h x41""wx18""d, Base 6"" h x 7' w x 3' d",Center City Development & Operations,"Ultra relief 74"" male fig. Encompassed by arch facing street, 3/wide stone steps leading up to it.  Figure in full headdress holding bowls in open hands.  Wears draped breechcloth moccasins & bear necklace stylized w/corn in background both sides.","Hannibal Pianta, fabricator.- Commisssioned  by the San Antonio Express",1914.0,1914,Donation,San Antonio Express,,Commerce Street Bridge,"300-348 E River Walk St
San Antonio, TX
",78205.0,-98.48794694999992,29.423783117000085,,1,RIO-3,Outdoor - Display,Yes,,1000.0,50000.0,,,,,
104,Coleman_BETJEC-O,,Loan,Yes,,Loan ended ,,John,Coleman,BETJEC-O,,,Oil on Canvas,33.5 in. x 45 in. ,Arts & Culture,Oil on Canvas33.5 in. x 45 in. ,Between Yesterday and Tomorrow,,,,On loan from artist,,Culture Commons at Plaza de Armas,115 Plaza de Armas,78205.0,-98.49614,29.42485,,,,Indoor-Display,Yes,,,8000.0,2022.0,,,,
105,Dharris_WIPFull_American LegacyII,,Loan,Yes,,Loan ended ,,Deborah,Harris,American Legacy Too,,,Fiber and faux leather,38 in. w x 90 in. h,Arts & Culture,Fiber and faux leather38 in. w x 90 in. h,Between Yesterday and Tomorrow,,,,On loan from artist,,Culture Commons at Plaza de Armas,115 Plaza de Armas,78205.0,-98.49614,29.42485,,,,Indoor-Display,Yes,,,2500.0,2022.0,,,,
106,1913.SAL.9,,Public Art - Interior,Yes,,Loan ended ,,Sal,Salomon,Samuel Maverick,,,Oil on canvas,,Office of the City Clerk,Mayoral Portrait,served 1839-40 & 1862-63,1913.0,1913,Donation,,,Municipal Plaza Building,114 West Commerce,78205.0,-98.4941955037895,29.4250772817472,,1,Main Plaza,Indoor - Display,Yes,,,5000.0,,,,,
107,1913.SAL.8,,Public Art - Interior,Yes,,Loan ended ,,Sal,Salomon,WCA Thielepape,,,Oil on canvas,,Office of the City Clerk,Mayoral Portrait,served 1913,1913.0,1913,Donation,,,Municipal Plaza Building,114 West Commerce,78205.0,-98.4941955037895,29.4250772817472,,1,Main Plaza,Indoor - Display,Yes,,,5000.0,,,,,
108,1913.SAL.7,,Public Art - Interior,Yes,,Loan ended ,,Sal,Salomon,John Campbell,,,Oil on canvas,,Office of the City Clerk,Mayoral Portrait,served 1913,1913.0,1913,Donation,,,Municipal Plaza Building,114 West Commerce,78205.0,-98.4941955037895,29.4250772817472,,1,Main Plaza,Indoor - Display,Yes,,,5000.0,,,,,
109,1913.SAL.6,,Public Art - Interior,Yes,,Loan ended ,,Sal,Salomon,Charles F. King,,,Oil on canvas,,Office of the City Clerk,Mayoral Portrait,served 1847-48 & 1852-53,1913.0,1913,Donation,,,Municipal Plaza Building,114 West Commerce,78205.0,-98.4941955037895,29.4250772817472,,1,Main Plaza,Indoor - Display,Yes,,,5000.0,,,,,
110,1913.SAL.5,,Public Art - Interior,Yes,,Loan ended ,,Sal,Salomon,Albert Steves,,,Oil on canvas,,Office of the City Clerk,Mayoral Portrait,served 1913,1913.0,1913,Donation,,,Municipal Plaza Building,114 West Commerce,78205.0,-98.4941955037895,29.4250772817472,,1,Main Plaza,Indoor - Display,Yes,,,5000.0,,,,,
111,1913.SAL.4,,Public Art - Interior,Yes,,Loan ended ,,Sal,Salomon,James R. Sweet,,,Oil on canvas,,Building & Equipment Services,Mayoral Portrait,served 1855-56,1913.0,1913,Donation,,,Municipal Plaza Building,114 West Commerce,78205.0,-98.4941955037895,29.4250772817472,,1,Main Plaza,Indoor - Display,Yes,,,5000.0,,,,,
112,1913.SAL.3,,Public Art - Interior,Yes,,Loan ended ,,Sal,Salomon,Antonio Menchaca,,,Oil on canvas,,Office of the City Clerk,Mayoral Portrait,served 1838-39,1913.0,1913,Donation,,,Municipal Plaza Building,114 West Commerce,78205.0,-98.4941955037895,29.4250772817472,,1,Main Plaza,Indoor - Display,Yes,,,5000.0,,,,,
113,1913.SAL.2,,Public Art - Interior,Yes,,Loan ended ,,Sal,Salomon,Bryan Callaghan,,,Oil on canvas,,Office of the City Clerk,Mayoral Portrait,served many terms,1913.0,1913,Donation,,,Municipal Plaza Building,114 West Commerce,78205.0,-98.4941955037895,29.4250772817472,,1,Main Plaza,Indoor - Display,Yes,,,5000.0,,,,,
114,1913.SAL.1,,Public Art - Interior,Yes,,Loan ended ,,Sal,Salomon,Clinton Brown,,,Oil on canvas,,Building & Equipment Services,Mayoral Portrait,served 1913-17,1913.0,1913,Donation,,,Municipal Plaza Building,114 West Commerce,78205.0,-98.4941955037895,29.4250772817472,,1,Main Plaza,Indoor - Display,Yes,,,5000.0,,,,,
115,1906.COP.1,,Public Art - Exterior,Yes,,Loan ended ,,Pompeo,Coppini,Ludwig Mahncke Bust,,,Pink Granite,"42""x33""x6"", base 6'9""x8'x8'",Parks & Recreation,"Portrait of bust of Ludwig Mahncke faces west.  On the base is a youth in bas relief, writing Mr. Mahncke's name and holding a wreath.",Tribute to Ludwig Mahncke from public,1906.0,1906,Donation,Citizens of San Antonio,,Mahncke Park,3400 Broadway ,78209.0,,,,2,Military Plaza,Outdoor - Display,Yes,,,50000.0,,,,,
116,2016.BRA.1,,Public Art - Interior,Yes,,Loan ended ,,Cakky ,Brawley ,"Past, Present, and Future",,,"Steel, acrylic, LED ","36' x 10' , 10' x 8' x 10'",Library,Triptych with a central globe or compass and two flanking maps.,,2017.0,2017,2012 Bond Program,,,Schaefer Branch Library,6322 US Hwy 87 E,78222.0,-98.365941,29.393409,,2,No,Indoor - Display,Yes,,100000.0,100000.0,2017.0,,,,
117,1897.NA.1,,Public Art - Exterior,Yes,,Loan ended ,,,,Milam Memorial,,,Granite,,Parks & Recreation,Erected by the DeZavala chapter of the Daughters of the Repulic of Texas,,1897.0,1897,Donation,,,Milam Park,500 West Commerce,78207.0,-98.49924343,29.42612353700008,,1,Military Plaza,Outdoor - Display,Yes,,,20000.0,,,,,
118,FrancisA - 2021,,Loan,Yes,,Loan ended ,,Anthony,Francis,"Lanece and Rico, A Dance and-or things Mother's Might Do - 2021",,,Photographic Print on Dibond in Artist frame,42 x 52 in.,Arts & Culture,Photographic Print on Dibond in Artist frame42 x 52 in.,Between Yesterday and Tomorrow,,,,On loan from artist,,Culture Commons at Plaza de Armas,115 Plaza de Armas,78205.0,-98.49614,29.42485,,,,Indoor-Display,Yes,,,5000.0,2022.0,,,,
119,Gakwaya_ChildhoodMemories,,Loan,Yes,,Loan ended ,,Alain Boris,Gakwaya,Childhood Memories,,,"Acrylic, oil pastels and markers on canvas",30 x 30 in. ,Arts & Culture,"Acrylic, oil pastels and markers on canvas30 x 30 in. ",Between Yesterday and Tomorrow,,,,On loan from artist,,Culture Commons at Plaza de Armas,115 Plaza de Armas,78205.0,-98.49614,29.42485,,,,Indoor-Display,Yes,,,1200.0,2022.0,,,,
120,Gakwaya_SecondHome,,Loan,Yes,,Loan ended ,,Alain Boris,Gakwaya,Second Home,,,"Acrylic, oil pastels and markers on canvas",30 x 30 in. ,Arts & Culture,"Acrylic, oil pastels and markers on canvas30 x 30 in. ",Between Yesterday and Tomorrow,,,,On loan from artist,,Culture Commons at Plaza de Armas,115 Plaza de Armas,78205.0,-98.49614,29.42485,,,,Indoor-Display,Yes,,,1200.0,2022.0,,,,
121,Harris_2022_HTW,,Loan,Yes,,Loan ended ,,Edward,Harris,The One with the Working Hands ,,,"fabric, oil on canvas, lace",15in. x 54in. (both),Arts & Culture,"fabric, oil on canvas, lace15in. x 54in. (both)",Between Yesterday and Tomorrow,,,,On loan from artist,,Culture Commons at Plaza de Armas,115 Plaza de Armas,78205.0,-98.49614,29.42485,,,,Indoor-Display,Yes,,,550.0,2022.0,,,,
122,Harris_2022_I Wish ,,Loan,Yes,,Loan ended ,,Edward,Harris,I Wish Someone Told Me This When I Was Younger ,,,"fabric, oil on canvas, lace",15in. x 54in. (both),Arts & Culture,"fabric, oil on canvas, lace15in. x 54in. (both)",Between Yesterday and Tomorrow,,,,On loan from artist,,Culture Commons at Plaza de Armas,115 Plaza de Armas,78205.0,-98.49614,29.42485,,,,Indoor-Display,Yes,,,550.0,2022.0,,,,
123,Hurd1_PreachingtheWord ,,Loan,Yes,,Loan ended ,,Paul,Hurd,Preaching the Word ,,,"Hand carved wooden cane, painted","31.5 x 12""",Arts & Culture,"Hand carved wooden cane, painted31.5 x 12""",Between Yesterday and Tomorrow,,,,On loan from artist,,Culture Commons at Plaza de Armas,115 Plaza de Armas,78205.0,-98.49614,29.42485,,,,Indoor-Display,Yes,,,1200.0,2022.0,,,,
124,Hurd2_DeliveringtheWord,,Loan,Yes,,Loan ended ,,Paul ,Hurd,Delivering the Word,,,"Hand carved wooden cane, painted","37.5 x 9""",Arts & Culture,"Hand carved wooden cane, painted37.5 x 9""",Between Yesterday and Tomorrow,,,,On loan from artist,,Culture Commons at Plaza de Armas,115 Plaza de Armas,78205.0,-98.49614,29.42485,,,,Indoor-Display,Yes,,,1200.0,2022.0,,,,
125,Hurd3_WadeInTheWaterReady,,Loan,Yes,,Loan ended ,,Paul ,Hurd,Wade in the Water Ready,,,"Hand carved wooden cane, painted","37 x 9""",Arts & Culture,"Hand carved wooden cane, painted37 x 9""",Between Yesterday and Tomorrow,,,,On loan from artist,,Culture Commons at Plaza de Armas,115 Plaza de Armas,78205.0,-98.49614,29.42485,,,,Indoor-Display,Yes,,,800.0,2022.0,,,,
126,Hurd4 - SundayBest,,Loan,Yes,,Loan ended ,,Paul ,Hurd,Sunday Best,,,"Hand carved wooden cane, painted","39 x 9""",Arts & Culture,"Hand carved wooden cane, painted39 x 9""",Between Yesterday and Tomorrow,,,,On loan from artist,,Culture Commons at Plaza de Armas,115 Plaza de Armas,78205.0,-98.49614,29.42485,,,,Indoor-Display,Yes,,,1200.0,2022.0,,,,
127,Hurd5_PrayingforDeliverance,,Loan,Yes,,Loan ended ,,Paul ,Hurd,Praying for Deliverance,,,"Hand carved wooden cane, painted","36 x 8""",Arts & Culture,"Hand carved wooden cane, painted36 x 8""",Between Yesterday and Tomorrow,,,,On loan from artist,,Culture Commons at Plaza de Armas,115 Plaza de Armas,78205.0,-98.49614,29.42485,,,,Indoor-Display,Yes,,,1200.0,2022.0,,,,
128,Kdow_Dynamic,,Loan,Yes,,Loan ended ,,Kaldric,Dow,Dynamic (Female Collage #4),,,Mixed media on canvas,30 x 40 in. ,Arts & Culture,Mixed media on canvas30 x 40 in. ,Between Yesterday and Tomorrow,,,,On loan from artist,,Culture Commons at Plaza de Armas,115 Plaza de Armas,78205.0,-98.49614,29.42485,,,,Indoor-Display,Yes,,,5000.0,2022.0,,,,
129,Kdow_WaveKing,,Loan,Yes,,Loan ended ,,Kaldric,Dow,Wave King (Male Collage #5) ,,,Mixed media on canvas,30 x 40 in. ,Arts & Culture,Mixed media on canvas30 x 40 in. ,Between Yesterday and Tomorrow,,,,On loan from artist,,Culture Commons at Plaza de Armas,115 Plaza de Armas,78205.0,-98.49614,29.42485,,,,Indoor-Display,Yes,,,5000.0,2022.0,,,,
130,Kedwards_GaiaoftheFight,,Loan,Yes,,Loan ended ,,Kwanzaa,Edwards,Gaia of the Fight,,,"Ink, acrylic on wood",24 x 24 in. ,Arts & Culture,"Ink, acrylic on wood24 x 24 in. ",Between Yesterday and Tomorrow,,,,On loan from artist,,Culture Commons at Plaza de Armas,115 Plaza de Armas,78205.0,-98.49614,29.42485,,,,Indoor-Display,Yes,,,2000.0,2022.0,,,,
131,Picquet1_EarthDreamEternas,,Loan,Yes,,Loan ended ,,Wardell,Picquet,Earth Dream Eternas,,,Mixed media/Collage,"16"" x 20""",Arts & Culture,"Mixed media/Collage16"" x 20""",Between Yesterday and Tomorrow,,,,On loan from artist,,Culture Commons at Plaza de Armas,115 Plaza de Armas,78205.0,-98.49614,29.42485,,,,Indoor-Display,Yes,,,1500.0,2022.0,,,,
132,Picquet2_EarthDreamPerpetuan,,Loan,Yes,,Loan ended ,,Wardell,Picquet,Earth Dream Perpetuan,,,Mixed media/Collage,"16"" x 20""",Arts & Culture,"Mixed media/Collage16"" x 20""",Between Yesterday and Tomorrow,,,,On loan from artist,,Culture Commons at Plaza de Armas,115 Plaza de Armas,78205.0,-98.49614,29.42485,,,,Indoor-Display,Yes,,,1500.0,2022.0,,,,
133,Picquet3_EarthDreamSubstantia,,Loan,Yes,,Loan ended ,,Wardell,Picquet,Earth Dream Substantia,,,Mixed media/Collage,"16"" x 20""",Arts & Culture,"Mixed media/Collage16"" x 20""",Between Yesterday and Tomorrow,,,,On loan from artist,,Culture Commons at Plaza de Armas,115 Plaza de Armas,78205.0,-98.49614,29.42485,,,,Indoor-Display,Yes,,,1500.0,2022.0,,,,
134,Pressley_ContemplatingFlight_61x84,,Loan,Yes,,Loan ended ,,Calvin,Pressley,Contemplating Flight,,,Oil on Canvas,60 x 84.5 in. ,Arts & Culture,Oil on Canvas60 x 84.5 in. ,Between Yesterday and Tomorrow,,,,On loan from artist,,Culture Commons at Plaza de Armas,115 Plaza de Armas,78205.0,-98.49614,29.42485,,,,Indoor-Display,Yes,,,13000.0,2022.0,,,,
135,Stewart - Brain What Are you Thinking,,Loan,Yes,,Loan ended ,,Don,Stewart,Brain what are you thinking?,,,Acrylic on canvas,20 x 16 in.,Arts & Culture,Acrylic on canvas20 x 16 in.,Between Yesterday and Tomorrow,,,,On loan from artist,,Culture Commons at Plaza de Armas,115 Plaza de Armas,78205.0,-98.49614,29.42485,,,,Indoor-Display,Yes,,,500.0,2022.0,,,,
136,Stewart-Now,,Loan,Yes,,Loan ended ,,Don,Stewart,Now,,,Acrylic on canvas,16 x 20 in. ,Arts & Culture,Acrylic on canvas16 x 20 in. ,Between Yesterday and Tomorrow,,,,On loan from artist,,Culture Commons at Plaza de Armas,115 Plaza de Armas,78205.0,-98.49614,29.42485,,,,Indoor-Display,Yes,,,500.0,2022.0,,,,
137,Stewart-Serenity,,Loan,Yes,,Loan ended ,,Don,Stewart,Serenity,,,Acrylic on canvas,20 x 16 in.,Arts & Culture,Acrylic on canvas20 x 16 in.,Between Yesterday and Tomorrow,,,,On loan from artist,,Culture Commons at Plaza de Armas,115 Plaza de Armas,78205.0,-98.49614,29.42485,,,,Indoor-Display,Yes,,,500.0,2022.0,,,,
138,TNewsome1_It'sRaining,,Loan,Yes,,Loan ended ,,Theresa,Newsome,It's raining...would you like to get something to eat?,,,Photography - Silver Gelatin Prints,"18"" x 24"" (framed)",Arts & Culture,"Photography - Silver Gelatin Prints18"" x 24"" (framed)",Between Yesterday and Tomorrow,,,,On loan from artist,,Culture Commons at Plaza de Armas,115 Plaza de Armas,78205.0,-98.49614,29.42485,,,,Indoor-Display,Yes,,,1000.0,2022.0,,,,
139,TNewsome2_IWasWaiting.,,Loan,Yes,,Loan ended ,,Theresa,Newsome,I was waiting.,,,Photography - Silver Gelatin Prints,"11""x14"" (16x20 framed)",Arts & Culture,"Photography - Silver Gelatin Prints11""x14"" (16x20 framed)",Between Yesterday and Tomorrow,,,,On loan from artist,,Culture Commons at Plaza de Armas,115 Plaza de Armas,78205.0,-98.49614,29.42485,,,,Indoor-Display,Yes,,,500.0,2022.0,,,,
140,TNewsome3_OurBlackMen,,Loan,Yes,,Loan ended ,,Theresa,Newsome,90% of our black men,,,Photography - Archival Pigment Print,"11""x14"" (16x20 framed)",Arts & Culture,"Photography - Archival Pigment Print11""x14"" (16x20 framed)",Between Yesterday and Tomorrow,,,,On loan from artist,,Culture Commons at Plaza de Armas,115 Plaza de Armas,78205.0,-98.49614,29.42485,,,,Indoor-Display,Yes,,,500.0,2022.0,,,,
141,Wanjiku_Proposed Display 1,,Loan,Yes,,Loan ended ,,Naomi,Wanjiku,Voices of Africa,,,"Hand painted fabrics, Yarns, Galvanized steel wire, Stainless steel wire, Beads","69"" x 72""",Arts & Culture,"Hand painted fabrics, Yarns, Galvanized steel wire, Stainless steel wire, Beads69"" x 72""",Between Yesterday and Tomorrow,,,,On loan from artist,,Culture Commons at Plaza de Armas,115 Plaza de Armas,78205.0,-98.49614,29.42485,,,,Indoor-Display,Yes,,,18000.0,2022.0,,,,
142,Wanjiku_Proposed Display 2,,Loan,Yes,,Loan ended ,,Naomi,Wanjiku,Emerging Voices ,,,"Hand painted fabrics, Yarns, Galvanized steel wire, Stainless steel wire, Beads","62"" x 72""",Arts & Culture,"Hand painted fabrics, Yarns, Galvanized steel wire, Stainless steel wire, Beads62"" x 72""",Between Yesterday and Tomorrow,,,,On loan from artist,,Culture Commons at Plaza de Armas,115 Plaza de Armas,78205.0,-98.49614,29.42485,,,,Indoor-Display,Yes,,,18000.0,2022.0,,,,
143,Williams_Blanton Collection Loan,,Loan,Yes,,Loan ended ,,Bernice Appelin,Williams,"""Slave Narratives: Transbluency #5"" (Commissioned work from Crutches Series)",,,Assemblage (crutches...),60 x 27 in. ,Arts & Culture,Assemblage (crutches...)60 x 27 in. ,Between Yesterday and Tomorrow,,,,On loan from artist,,Culture Commons at Plaza de Armas,115 Plaza de Armas,78205.0,-98.49614,29.42485,,,,Indoor-Display,Yes,,,7500.0,2022.0,,,,
144,Williams_SAALM_Loan,,Loan,Yes,,Loan ended ,,Bernice Appelin,Williams,The Crutch Series,,,Assemblage,60 x 27 in. ,Arts & Culture,Assemblage60 x 27 in. ,Between Yesterday and Tomorrow,,,,On loan from artist,,Culture Commons at Plaza de Armas,115 Plaza de Armas,78205.0,-98.49614,29.42485,,,,Indoor-Display,Yes,,,1500.0,2022.0,,,,
145,L.2019.SEB.10,,Loan,Yes,,Loan ended ,,Enrique (Sebastiàn),Carbajal,(Blue Horizontal Figure),,Sculpture,painted iron,174 x 60 x 51 in.,Arts & Culture,,loan extended through 9/30/2021,1980.0,2019,Loan,On loan from Sebastiàn,,SA International Airport,"9800 Airport Blvd, San Antonio, TX ",78216.0,,,,,,Indoor - Display,Yes,,,200000.0,,,,,
146,L.2019.SEB.11,,Loan,Yes,,Loan ended ,,Enrique (Sebastiàn),Carbajal,Cancer,,Sculpture,painted iron,2 pieces - 39.3 x 96.4 x 88.5 in.,Arts & Culture,,loan extended through 9/30/2021,1981.0,2019,Loan,On loan from Sebastiàn,,SA International Airport,"9800 Airport Blvd, San Antonio, TX ",78216.0,,,,,,Indoor - Display,Yes,,,110000.0,,,,,
147,L.2019.SEB.12,,Loan,Yes,,Loan ended ,,Enrique (Sebastiàn),Carbajal,Espejo Cosmico,,Sculpture,painted iron,82.6 x 37.7 x 27.9  in.,Arts & Culture,,loan extended through 9/30/2021,2006.0,2019,Loan,On loan from Sebastiàn,,SA International Airport,"9800 Airport Blvd, San Antonio, TX ",78216.0,,,,,,Indoor - Display,Yes,,,98500.0,,,,,
148,L.2019.SEB.13,,Loan,Yes,,Loan ended ,,Enrique (Sebastiàn),Carbajal,Protocolo,,Sculpture,painted iron,81.8 x 39.3 x 47.2  in.,Arts & Culture,,loan extended through 9/30/2021,1997.0,2019,Loan,On loan from Sebastiàn,,SA International Airport,"9800 Airport Blvd, San Antonio, TX ",78216.0,,,,,,Indoor - Display,Yes,,,93600.0,,,,,
149,L.2019.SEB.2,,Loan,Yes,,Loan ended ,,Enrique (Sebastiàn),Carbajal,Celosia Borunda,,Sculpture,painted iron,96 x 61.4 x 19.6 in,Arts & Culture,,loan extended through 9/30/2021,2008.0,2019,Loan,On loan from Sebastiàn,,River Walk Public Art Garden,"S. Alamo Street between E. Market & E. Commerce Streets San Antonio, TX ",78205.0,,,,,,Outdoor - Display,Yes,,,109800.0,,,,,
150,L.2019.SEB.3,,Loan,Yes,,Loan ended ,,Enrique (Sebastiàn),Carbajal,Cuántica Octagonal Aurea,,Sculpture,painted iron,62.5 x 51.1 x 51.1 in,Arts & Culture,,loan extended through 9/30/2021,2013.0,2019,Loan,On loan from Sebastiàn,,River Walk Public Art Garden,"S. Alamo Street between E. Market & E. Commerce Streets San Antonio, TX ",78205.0,,,,,,Outdoor - Display,Yes,,,67550.0,,,,,
151,L.2019.SEB.4,,Loan,Yes,,Loan ended ,,Enrique (Sebastiàn),Carbajal,Pocycereus,,Sculpture,painted iron,114.9 x 28.3 x 51 in.,Arts & Culture,,loan extended through 9/30/2021,1984.0,2019,Loan,On loan from Sebastiàn,,River Walk Public Art Garden,"S. Alamo Street between E. Market & E. Commerce Streets San Antonio, TX ",78205.0,,,,,,Outdoor - Display,Yes,,,130000.0,,,,,
152,L.2019.SEB.5,,Loan,Yes,,Loan ended ,,Enrique (Sebastiàn),Carbajal,Lipchitziana,,Sculpture,painted iron,96 x 48 x 28 in.,Arts & Culture,,loan extended through 9/30/2021,1994.0,2019,Loan,On loan from Sebastiàn,,River Walk Public Art Garden,"S. Alamo Street between E. Market & E. Commerce Streets San Antonio, TX ",78205.0,,,,,,Outdoor - Display,Yes,,,108000.0,,,,,
153,L.2019.SEB.1,,Loan,Yes,,Loan ended ,,Enrique (Sebastiàn),Carbajal,Nudo Torusado,,Sculpture,painted iron,72 x 62.9 x 38.5 in.,Arts & Culture,,loan extended through 9/30/2021,2014.0,2019,Loan,On loan from Sebastiàn,,River Walk Public Art Garden,"S. Alamo Street between E. Market & E. Commerce Streets San Antonio, TX  ",78205.0,,,,,,Outdoor - Display,Yes,,,110350.0,,,,,
154,2018.GON.1.2-3,,Public Art - Exterior,,,Inventory line item was consolidated  in single project line item.,,Michael & Suzy,Menchaca & Gonzalez,ConRac Exterior Façade ,Two Dimensional,Mural,Fabric mesh,,Aviation,Murals representing golden eagle and Boeing 737 hybrid.,2 Exterior Murals ,2018.0,2018,Non-Bond (Aviation),,,"SAT Airport, CONRAC",9559 Airport Boulevard ,78261.0,-98.472583,29.526583,,9,No,Outdoor - Display,Yes,,80000.0,80000.0,,,Yes,,
155,2018.GON.1.1,,Public Art - Interior,,,Inventory line item was consolidated  in single project line item.,,Michael & Suzy,Menchaca & Gonzalez,¡Adelante San Antonio!,Two Dimensional,Mural,Fabric mesh,Approx. 500 linear feet,Aviation,Highlights San Antonio's past 300 years. Greetings in English and Spanish. ,Interior Mural ,2018.0,2018,Non-Bond (Aviation),,,"SAT Airport, CONRAC",9559 Airport Boulevard ,78261.0,-98.472583,29.526583,,9,No,Indoor - Display,Yes,,200000.0,200000.0,,,Yes,,
156,2010.BRI.1.1,,Public Art - Exterior,,,Inventory line item was consolidated  in single project line item.,,Rolando,Briseno ,"Gateways: The Four Directions, 2010",Two Dimensional,Mural,"Glass, Pigment",43 windows total,Aviation,"Along the window bays of the concourse is a colorful frieze of art glass depicting historic doorways and architectural portals found throughout San Antonio. The project includes 43 total window treatments, each a unique building façade in San Antonio.","""Portales: Las Cuatro Direcciones, 2010""- total commission budget was $100,000",2010.0,2010,Non-Bond (Aviation),,,"SAT Airport, Terminal B",9800 Airport Blvd. ,78216.0,-98.47285176199995,29.527138318000084,,9,No,Indoor - Restricted,Yes,,100000.0,100000.0,,,yes,3DI Architects,
157,2012.JEF.1.3,,Public Art - Exterior,Yes,,Inventory line item was consolidated  in single project line item.,,Jefre,Figueras Manuel,Unity Plaza- Plaza Map of City,Three Dimensional ,Plaza,Mixed Media,,Building & Equipment Services,Mosaic stone tile map of city ,,2012.0,2012,Certicates of Obligation ,Alamo Area Fire and Police Memorial,,Public Safety Headquarters,315 South Santa Rosa Avenue ,78207.0,-98.49916,29.42294,,1,No,Condition issues,Yes,,250000.0,250000.0,,,yes,Kell Munoz,
158,2012.JEF.1.2,,Public Art - Exterior,Yes,,Inventory line item was consolidated  in single project line item.,,Jefre,Figueras Manuel,Unity Plaza- SAFD Silhouette,Three Dimensional ,Sculpture,Steel,,Building & Equipment Services,Red Steel Shadow Sculpture depicting Fire Fighter,,2012.0,2012,Certicates of Obligation ,Alamo Area Fire and Police Memorial,,Public Safety Headquarters,315 South Santa Rosa Avenue ,78207.0,-98.49916,29.42294,,1,No,Outdoor - Display,Yes,,,75000.0,,,yes,Kell Munoz,
159,2012.JEF.1.1-4,,Public Art - Exterior,Yes,,Inventory line item was consolidated  in single project line item.,,Jefre,Figueras Manuel,Unity Plaza- SAPD Silhouette,Three Dimensional ,Sculpture,Steel,,Building & Equipment Services,Blue Steel Shadow Sculpture depicting Police Officer,,2012.0,2012,Certicates of Obligation ,Alamo Area Fire and Police Memorial,,Public Safety Headquarters,315 South Santa Rosa Avenue ,78207.0,-98.49916,29.42294,,1,No,Outdoor - Display,Yes,,350000.0,300000.0,,,,,
160,2005.ALV.1.1-.2,,Public Art - Exterior,Yes,,Inventory line item was consolidated  in single project line item.,,Oscar ,Alvarado,Deco District,Two Dimensional,Mural ,Mosaic ,Various,Building & Equipment Services,"Interior mural and building façade 
1. Interior mosaic mural depicting a flamingo, water and foliage, surrounding a seating area.
2 exterior mosaic tile mural façade treatment; interior wall mural. Light green and purple.
",,2005.0,2005,1999 Bond Program,,,Travis Building (Deco District),1800 Fredericksburg Rd ,78201.0,-98.52256246899992,29.46111294500008,,1,No,Outdoor - Display,Yes,,40000.0,40000.0,,,,,
161,1941.KEA.1.4,,Public Art - Interior,Yes,,Inventory line item was consolidated  in single project line item.,,Mary Aubrey,Keating,Untitled (Modern Times),Two Dimensional,Painting,Painting,,Building & Equipment Services,Four murals depict different eras of San Antonio's history. ,"The Murals were donated to the City In 1941, and were originally part of theTexas History Collection, displayed at the Main Library. Murals were restored by Dennis Baltuskonis.",1940.0,1941,Donation,,,International Center,203 S. St. Mary's St. ,78205.0,,,,1,RIO-3,Indoor - Display,Yes,,,25000.0,,,,,
162,1941.KEA.1.3,,Public Art - Interior,Yes,,Inventory line item was consolidated  in single project line item.,,Mary Aubrey,Keating,Untitled (Colonizations),Two Dimensional,Painting,Painting,,Building & Equipment Services,Four murals depict different eras of San Anotnios history. ,"The Murals were donated to the City In 1941, and were originally part of theTexas History Collection, displayed at the Main Library. Murals were restored by Dennis Baltuskonis.",1940.0,1941,Donation,,,International Center,203 S. St. Mary's St. ,78205.0,,,,1,RIO-3,Indoor - Display,Yes,,,25000.0,,,,,
163,1941.KEA.1.2,,Public Art - Interior,Yes,,Inventory line item was consolidated  in single project line item.,,Mary Aubrey,Keating,Untitled (Missionary Expeditions),Two Dimensional,Painting,Oil on canvas,,Building & Equipment Services,Four murals depict different eras of San Anotnios history. ,"The Murals were donated to the City In 1941, and were originally part of theTexas History Collection, displayed at the Main Library. Murals were restored by Dennis Baltuskonis.",1940.0,1941,Donation,,,International Center,203 S. St. Mary's St. ,78205.0,,,,1,RIO-3,Indoor - Display,Yes,,,25000.0,,,,,
164,2012.BRI.1.1,,Public Art - Exterior,,,Inventory line item was consolidated  in single project line item.,,Rolando,Briseno ,Puente de Rippling Shadows (Bridge of Rippling Shadows),Three Dimensional ,Sculpture,Steel,,Center City Development & Operations,"More than two dozen steel structures extending up from the railings with galvanized limbs supporting overlapping concentric discs of perforated aqua metal sheets, meant to invoke the feeling of rippilng water",Part of Museum Reach on the San Antonio River,2012.0,2012,Donation,San Antonio River Foundation,,Museum Reach ,528-552 Brooklyn Ave Bridge,78205.0,-98.485121,29.433402,,1,RIO-2 ,Outdoor - Display,Yes,,150000.0,75000.0,,,,,
165,2020.CAD.2,,CE - Interior,Yes,,Inventory line item was consolidated  in single project line item.,1048355,Katherine,Cadena,"Down on Leigh, 2",Two Dimensional,Painting,oil on canvas,"1 artwork, 2 canvases, 52' x 34'",Arts & Culture,,,2020.0,2020,Operating Funds,,,Plaza de Armas,115 Plaza de Armas,78205.0,-98.495663,29.424561,,1,"Main / Military Plaza 
RIO-7b
Indvidual Landmark
Downtown Design Area",Storage,Yes,,,2500.0,,,,,
166,2019.ZAV.1.2,,CE - Interior,Yes,,Inventory line item was consolidated  in single project line item.,1048203,Juan,Zavala Castro,Portrait of Eric Alva; Transcending of Experience Through the Importance of Life (seal),Two Dimensional,Works on Paper,Works on Paper,,Arts & Culture,,,2019.0,2019,Centro de Artes Cost Center,,,Centro de Artes ,101 S Santa Rosa Ave,78207.0,-98.49853,29.42534,,1,"Individual Landmark 
Downtown Design Area",Storage,Yes,,,2000.0,,,,,
167,2019.MAT.1.2,,CE - Interior,Yes,,Inventory line item was consolidated  in single project line item.,1048221,Eric,Mathis,Coming of Age (salute),Two Dimensional,Works on Paper,Graphite on Paper, h. 30 in. x w. 22 5/8 in.,Arts & Culture,,"Diptych
Acquired for City of Service Exhibition",2019.0,2019,Centro de Artes Cost Center,Artist ,,Centro de Artes ,101 S Santa Rosa Ave,78207.0,-98.49853,29.42534,,1,"Individual Landmark 
Downtown Design Area",Storage,Yes,,1200.0,1700.0,,,,,
168,2011.DAW.3,,Public Art - Exterior,Yes,,Inventory line item was consolidated  in single project line item.,,,,Sports Mural,Two Dimensional,Mural ,Acrylic,8' x 5',Department of Human Services,,,,,Donation,,,Dawson Community Center,2500 East Commerce,78203.0,-98.45444490299991,29.41939538300005,,2,No,,Yes,,,5000.0,,,,,
169,2011.DAW.2,,Public Art - Exterior,Yes,,Inventory line item was consolidated  in single project line item.,,,,Robert Dawson Mural,Two Dimensional,Mural ,Acrylic,8' x 5',Department of Human Services,,,,,Donation,,,Dawson Community Center,2500 East Commerce,78203.0,-98.45444490299991,29.41939538300005,,2,No,,Yes,,,5000.0,,,,,
170,2012. BRI.1.1,,Public Art - Exterior,Yes,Remove,Artwork was on invetory twice. Unsure if this should be insured for $75k or $200K,,Rolando ,Briseno,Puente de Rippling Shadows (Bridge of Rippling Shadows),Three Dimensional ,Shade Structure,Steel-aluminum alloy,,Center City Development & Operations,Redesigned metal railings/ shade structure along street bridges.,Part of Museum Reach on the San Antonio River,2012.0,2012,Donation,San Antonio River Foundation,,Museum Reach ,528-552 Brooklyn Ave.,78205.0,-98.4851213,29.433402,Exterior ,CW,Military Plaza,Outdoor - Display,Yes,,200000.0,200000.0,,,Yes,,
171,L.2019.SEB.36,,Loan,Yes,,Artwork loan ended ,,Enrique (Sebastiàn),Carbajal,Esfera Cuantica,Three Dimensional ,Sculpture,painted iron,106.2 x 70.8 x 70.8 in.,Arts & Culture,loan extended through 9/30/2021,2013,2019.0,Loan,On loan from Sebastiàn,,,Mission Marquee Plaza,"3100 Roosevelt Ave, San Antonio, TX",78214.0,,,,,,Outdoor - Display,Yes,,,85000.0,,,,,
172,L.2019.SEB.37,,Loan,Yes,,Artwork loan ended ,,Enrique (Sebastiàn),Carbajal,Esfera Cuantica Punto Cero,Three Dimensional ,Sculpture,painted iron,106.2 x 70.8 x 70.8 in.,Arts & Culture,loan extended through 9/30/2021,2013,2019.0,Loan,On loan from Sebastiàn,,,Mission Marquee Plaza,"3100 Roosevelt Ave, San Antonio, TX",78214.0,,,,,,Outdoor - Display,Yes,,,85000.0,,,,,
173,2008.HEN.1.6,,Public Art - Exterior,Yes,,Inventory line item was consolidated  in single project line item.,,James ,Hendricks,East Commerce Street Benches( Magott's Grocery Bench),Three Dimensional ,Bench,Steel and marble,,Public Works ,Artist-designed benches highlighting various characteristics of the city's East side.,,2008.0,2008,2003 Bond Program,,,E. Commerce St.,1312 E. Commerce St & Swiss,78205.0,-98.4756195,29.4209413,,2,No,Condition issues,Yes,,23500.0,6000.0,,COMMERCE STREET - RAILROAD TO S. PALMETTO ,Yes,,"Poznecki-Camarillo, Inc"
174,2008.HEN.1.5,,Public Art - Exterior,Yes,,Inventory line item was consolidated  in single project line item.,,James ,Hendricks,East Commerce Street Benches (Victorian Bench),Three Dimensional ,Bench,Steel and marble,,Public Works ,Artist-designed benches highlighting various characteristics of the city's East side.,,2008.0,2008,2003 Bond Program,,,E. Commerce St.,1598 E. Commerce St. & Olive,78205.0,-98.47186746,29.42010391,,2,No,Condition issues,Yes,,23500.0,6000.0,,COMMERCE STREET - RAILROAD TO S. PALMETTO ,Yes,,"Poznecki-Camarillo, Inc"
175,2008.HEN.1.4,,Public Art - Exterior,Yes,,Inventory line item was consolidated  in single project line item.,,James ,Hendricks,East Commerce Street Benches (Ballenger Newspaper Bench),Three Dimensional ,Bench,Steel and marble,,Public Works ,Artist-designed benches highlighting various characteristics of the city's East side.,,2008.0,2008,2003 Bond Program,,,E. Commerce St.,1501 E. Commerce St. & Hackberry,78205.0,-98.47310281,29.42057879,,2,No,Condition issues,Yes,,23500.0,6000.0,,COMMERCE STREET - RAILROAD TO S. PALMETTO ,Yes,,"Poznecki-Camarillo, Inc"
176,2008.HEN.1.3,,Public Art - Exterior,Yes,,Inventory line item was consolidated  in single project line item.,,James ,Hendricks,East Commerce Street Benches (Friedrich Bench),Three Dimensional ,Bench,Steel and marble,,Public Works ,Artist-designed benches highlighting various characteristics of the city's East side.,,2008.0,2008,2003 Bond Program,,,E. Commerce St.,1603 E. Commerce St. & Olive  ,78205.0,-98.47166211,29.42020563,,2,No,Condition issues,Yes,,23500.0,6000.0,,COMMERCE STREET - RAILROAD TO S. PALMETTO ,Yes,,"Poznecki-Camarillo, Inc"
177,2008.HEN.1.2,,Public Art - Exterior,Yes,,Inventory line item was consolidated  in single project line item.,,James ,Hendricks,East Commerce Street Benches (Chinese Bench),Three Dimensional ,Bench,Steel and marble,,Public Works ,Artist-designed benches highlighting various characteristics of the city's East side.,,2008.0,2008,2003 Bond Program,,,E. Commerce St.,1634 E. Commerce St. & Pine,78205.0,-98.47043041,29.41976931,,2,No,Condition issues,Yes,,23500.0,6000.0,,COMMERCE STREET - RAILROAD TO S. PALMETTO ,Yes,,"Poznecki-Camarillo, Inc"
178,2015.WIL.1.1-4,,Public Art - Exterior,Yes,,Inventory line item was consolidated  in single project line item.,,Bernice,Williams,East Houston Bridge Finials,Three Dimensional ,Sculpture,Steel,,Public Works ,Four steel finials on the bridge rail with LED lighting. ,,2017.0,2007,2007 Bond Program,,,E. Houston Street Bridge,3400 E Houston,78219.0,-98.43235,29.42457,,2,No,Outdoor - Display,Yes,,30000.0,30000.0,,,Yes,,
179,2006.FIT.1.1-2,2006.FIT.1.1,Public Art - Exterior,Yes,,Inventory line item was consolidated  in single project line item.,,Bill,FitzGibbons,Light Channels,Three Dimensional ,Light Art,"LED, perforated aluminum, concrete",,Public Works ,LED lighting systems with slowly-changing color patterns onto surrounding columns and sidewalks. Nine aluminum-capped concrete columns bridge entrances painted sky-blue.,"Project partners include the Texas Department of Transportation, Bexar County, City of San Antonio and the St. Paul Square Association. 
1) IH37 Underpass at E Commerce 
2) IH37 Underpass at E Houston; -98.48151834, 29.42513681
",2005.0,2006,2003 Bond Program,St Paul Square Association,,IH37 Underpass at E Commerce St,IH37 @  Commerce Sts.,78205.0,-98.4805828019999,29.42220115500004,1,St Paul Square,,Outdoor - Display,Yes,,335000.0,250000.0,,IH37 underpass enhancements project ,yes,,Pape Dawson Inc.
180,2010.JEN.1.5,,Public Art - Exterior,Yes,,Inventory line item was consolidated  in single project line item.,,Dale,Jenssen,Untitled (shower stall),Two Dimensional,Mural ,Ceramic tile,"14"" mosaic",Parks & Recreation,"Blue, orange and yellow mosaic tile surrouning the base of a free standing, cylindrical metal shower stall","Project includes 2 benches, 2 tile murals, 1 shower stall base, and one gate design",2010.0,2010,2007 Bond Program,,Parks ,Joe Ward Park Community Center,435 E. Sunshine ,78228.0,-98.55002764799991,29.472741107000047,7,No,Condition issues,Yes,,,19500.0,5000.0,,District 7 Pools bundle,yes,,Rialto Studio Landscape Architect
181,2010.JEN.1.3-4,,Public Art - Exterior,Yes,,Inventory line item was consolidated  in single project line item.,,Dale,Jenssen,Untitled (mural 1 and 2),Two Dimensional,Mural ,Ceramic tile,,Parks & Recreation,"Square mosiac tile murals, with incorporated tile ""drawings"" created by local children. ","Project includes 2 benches, 2 tile murals, 1 shower stall base, and one gate design",2010.0,2010,2007 Bond Program,,Parks ,Joe Ward Park Community Center,435 E. Sunshine ,78228.0,-98.55002764799991,29.472741107000047,7,No,Condition issues,Yes,,,19500.0,7500.0,,District 7 Pools bundle,yes,,Rialto Studio Landscape Architect
182,2010.JEN.1.2,,Public Art - Exterior,Yes,,Inventory line item was consolidated  in single project line item.,,Dale,Jenssen,Untitled (bench 2),Three Dimensional ,Bench,"ceramic mosaic  tile, concrete","3' 9"" x 8' 7.5 """,Parks & Recreation,"Concrete bench in the shape of a U, with blue, orange and yellow mosaic tile","Project includes 2 benches, 2 tile murals, 1 shower stall base, and one gate design",2010.0,2010,2007 Bond Program,,Parks ,Joe Ward Park Community Center,435 E. Sunshine ,78228.0,-98.55002764799991,29.472741107000047,7,No,Condition issues,Yes,,,19500.0,7500.0,,District 7 Pools bundle,yes,,Rialto Studio Landscape Architect
183,2010.JEN.1.1,,Public Art - Exterior,Yes,,Inventory line item was consolidated  in single project line item.,,Dale,Jenssen,Untitled (bench 1),Three Dimensional ,Bench,"ceramic tile, concrete","3' x 7' 5""",Parks & Recreation,"Concrete bench in the shape of a stretched oval, with blue, orange and yellow mosaic tile","Project includes 2 benches, 2 tile murals, 1 shower stall base, and one gate design",2010.0,2010,2007 Bond Program,,Parks ,Joe Ward Park Community Center,435 E. Sunshine ,78228.0,-98.55002764799991,29.472741107000047,7,No,Condition issues,Yes,,,19500.0,7500.0,,District 7 Pools bundle,yes,,Rialto Studio Landscape Architect
184,2007.ALV.1.1-5,,Public Art - Exterior,Yes,,Inventory line item was consolidated  in single project line item.,,Oscar ,Alvarado,Marney Plaza Outfall Mosaics,Three Dimensional ,Mosaic ,Mosaic ,,Public Works ,5 artist-designed and fabricated outdoor mosaic concrete benches that serve as pedestrian seating and amenities. The tile enhancements vary in shape and form and are intended to provide a cheerful and inviting pedestrian environment.,"total project budget is 50,000",2007.0,2007,2003 Bond Program,,,Marney Plaza (Canavan to Burcham),6100 Marney Plaza ,78221.0,-98.50530836,29.36960799,3,No,Condition issues,Yes,,,37500.0,7500.0,,Marney Plaza Outfall,yes,,Bender Wells & Clark
185,2001.NA.1,,Public Art - Exterior,Yes,,Duplicate,,Juan Antonio,Lugo,Francisco Madero,Three Dimensional ,Statue,Bronze ,,Parks & Recreation,Madero was leader of the Mexican Revolution and served as President until 1913,"Donated by state of Coahuila, MX; politician in Mexican Revolution",,2001,Donation,"State of Coahuila, Mexico",Parks ,Nueva Street at San Antonio River,302 E. Nueva St.,78205.0,-98.4923579278269,29.4215684848633,1,"RIO-3
Downtown Design Area",Outdoor - Display,Yes,,,50000.0,,,no,,,
186,1988.2,1988.NA.2,Public Art - Exterior,Yes,,Inventory line item was consolidated  in single project line item.,,,,Commemorative Plaques (11),Two Dimensional,Plaque / Marker,,,Parks & Recreation,Bronze plaques at Milam Park,,,,Donation,,Parks ,Milam Park,500 West Commerce,78207.0,-98.498289,29.426055,1,Downtown Design Area,Outdoor - Display,Yes,,,5000.0,,,No,,,
187,2018.ART.1.3,,Public Art - Exterior,Yes,,Inventory line item was consolidated  in single project line item.,,Twyla,Arthur,ReinCARnation - Bench,Three Dimensional ,Bench ,Mosaic,,Solid Waste Management ,Mosaic,,2018.0,2018,Certificates of Obligation,,,Northwest Service Center,6939 Leslie Road,78254.0,-98.70684,29.50513,6,No,Outdoor - Display,Yes,,,5000.0,5000.0,,,Yes,,
188,2018.ART.1.2,,Public Art - Exterior,Yes,,Inventory line item was consolidated  in single project line item.,,Twyla,Arthur,ReinCARnation - Car,Three Dimensional ,Sculpture,Mixed Media,,Solid Waste Management ,"Automotive parts, steel",,2018.0,2018,Certificates of Obligation,,,Northwest Service Center,6939 Leslie Road,78254.0,-98.70684,29.50513,6,No,Outdoor - Display,Yes,,,90000.0,50000.0,,,Yes,,
189,2018.ART.1.1,,Public Art - Exterior,Yes,,Inventory line item was consolidated  in single project line item.,,Twyla,Arthur,ReinCARnation - Shelter,Three Dimensional ,Shade Structure,Mixed Media ,,Solid Waste Management ,"Automotive parts, steel",,2018.0,2018,Certificates of Obligation,,,Northwest Service Center,6939 Leslie Road,78254.0,-98.70684,29.50513,6,No,Outdoor - Display,Yes,,,150000.0,100000.0,,,Yes,,
190,2015.ISH.1.1,,Public Art - Exterior,Yes,,Inventory line item was consolidated  in single project line item.,,Jon,Isherwood,Sotol Duet (red granite),Three Dimensional ,Sculpture ,Red granite ,7' ,Parks & Recreation,Two sculptures made of red and gray granite that references the sotol plant. This references the plant above ground.,,2015.0,2015,2012 Bond Program,,Parks ,Panther Springs Park,22635 Wilderness Oaks,78260.0,-98.504597,29.652411,9,No,Outdoor - Display,Yes,,,40000.0,40000.0,,Panther Springs Park,Yes,,
191,2018.ALV.1.3,,Public Art - Exterior,Yes,,Inventory line item was consolidated  in single project line item.,,Oscar  David,Alvarado & Blancas ,Windows to Our Heritage  - Mission/Steves,Two Dimensional,Mural,"Paint, mosaics",,World Heritage Office ,Underpass columns featuring vignettes of significant people and places from the neighborhood.,,2018.0,2018,2012 Bond Program,,World Heritage,US90 Underpass at Steves,393-443 Mission Rd,78210.0,-98.49018,29.39571,3,RIO-4,Outdoor - Display,Yes,,,110000.0,110000.0,,,Yes,,
192,2018.ALV.1.2,,Public Art - Exterior,Yes,,Inventory line item was consolidated  in single project line item.,,Oscar & David,Alvarado & Blancas ,Windows to Our Heritage - Roosevelt,Two Dimensional,Mural,"Paint, mosaics",,World Heritage Office ,Underpass columns featuring vignettes of significant people and places from the neighborhood.,,2018.0,2018,2012 Bond Program,,World Heritage,US90 Underpass at Roosevelt,901-1099 Roosevelt Ave,78210.0,-98.48592,29.39546,3,Mission,Outdoor - Display,Yes,,,110000.0,110000.0,,,Yes,,
193,,,,,,,,,,,,,,,,,,,,,,,,,,,,,,,,,,,,,,,,
194,,,,,,,,,,,,,,,,,,,,,,,,,,,,,,,,,,,,,,,,
195,,,,,,,,,,,,,,,,,,,,,,,,,,,,,,,,,,,,,,,,
196,,,,,,,,,,,,,,,,,,,,,,,,,,,,,,,,,,,,,,,,
197,,,,,,,,,,,,,,,,,,,,,,,,,,,,,,,,,,,,,,,,
198,,,,,,,,,,,,,,,,,,,,,,,,,,,,,,,,,,,,,,,,
199,,,,,,,,,,,,,,,,,,,,,,,,,,,,,,,,,,,,,,,,
200,,,,,,,,,,,,,,,,,,,,,,,,,,,,,,,,,,,,,,,,
201,,,,,,,,,,,,,,,,,,,,,,,,,,,,,,,,,,,,,,,,
202,,,,,,,,,,,,,,,,,,,,,,,,,,,,,,,,,,,,,,,,
203,,,,,,,,,,,,,,,,,,,,,,,,,,,,,,,,,,,,,,,,
204,,,,,,,,,,,,,,,,,,,,,,,,,,,,,,,,,,,,,,,,
205,,,,,,,,,,,,,,,,,,,,,,,,,,,,,,,,,,,,,,,,
206,,,,,,,,,,,,,,,,,,,,,,,,,,,,,,,,,,,,,,,,
207,,,,,,,,,,,,,,,,,,,,,,,,,,,,,,,,,,,,,,,,
208,,,,,,,,,,,,,,,,,,,,,,,,,,,,,,,,,,,,,,,,
209,,,,,,,,,,,,,,,,,,,,,,,,,,,,,,,,,,,,,,,,
210,,,,,,,,,,,,,,,,,,,,,,,,,,,,,,,,,,,,,,,,
211,,,,,,,,,,,,,,,,,,,,,,,,,,,,,,,,,,,,,,,,
212,,,,,,,,,,,,,,,,,,,,,,,,,,,,,,,,,,,,,,,,
213,,,,,,,,,,,,,,,,,,,,,,,,,,,,,,,,,,,,,,,,
214,,,,,,,,,,,,,,,,,,,,,,,,,,,,,,,,,,,,,,,,
215,,,,,,,,,,,,,,,,,,,,,,,,,,,,,,,,,,,,,,,,
216,,,,,,,,,,,,,,,,,,,,,,,,,,,,,,,,,,,,,,,,
217,,,,,,,,,,,,,,,,,,,,,,,,,,,,,,,,,,,,,,,,
218,,,,,,,,,,,,,,,,,,,,,,,,,,,,,,,,,,,,,,,,
219,,,,,,,,,,,,,,,,,,,,,,,,,,,,,,,,,,,,,,,,
220,,,,,,,,,,,,,,,,,,,,,,,,,,,,,,,,,,,,,,,,
221,,,,,,,,,,,,,,,,,,,,,,,,,,,,,,,,,,,,,,,,
222,,,,,,,,,,,,,,,,,,,,,,,,,,,,,,,,,,,,,,,,
223,,,,,,,,,,,,,,,,,,,,,,,,,,,,,,,,,,,,,,,,
224,,,,,,,,,,,,,,,,,,,,,,,,,,,,,,,,,,,,,,,,
225,,,,,,,,,,,,,,,,,,,,,,,,,,,,,,,,,,,,,,,,
226,,,,,,,,,,,,,,,,,,,,,,,,,,,,,,,,,,,,,,,,
227,,,,,,,,,,,,,,,,,,,,,,,,,,,,,,,,,,,,,,,,
228,,,,,,,,,,,,,,,,,,,,,,,,,,,,,,,,,,,,,,,,
229,,,,,,,,,,,,,,,,,,,,,,,,,,,,,,,,,,,,,,,,
230,,,,,,,,,,,,,,,,,,,,,,,,,,,,,,,,,,,,,,,,
231,,,,,,,,,,,,,,,,,,,,,,,,,,,,,,,,,,,,,,,,
232,,,,,,,,,,,,,,,,,,,,,,,,,,,,,,,,,,,,,,,,
233,,,,,,,,,,,,,,,,,,,,,,,,,,,,,,,,,,,,,,,,
234,,,,,,,,,,,,,,,,,,,,,,,,,,,,,,,,,,,,,,,,
235,,,,,,,,,,,,,,,,,,,,,,,,,,,,,,,,,,,,,,,,
236,,,,,,,,,,,,,,,,,,,,,,,,,,,,,,,,,,,,,,,,
237,,,,,,,,,,,,,,,,,,,,,,,,,,,,,,,,,,,,,,,,
238,,,,,,,,,,,,,,,,,,,,,,,,,,,,,,,,,,,,,,,,
239,,,,,,,,,,,,,,,,,,,,,,,,,,,,,,,,,,,,,,,,
240,,,,,,,,,,,,,,,,,,,,,,,,,,,,,,,,,,,,,,,,
241,,,,,,,,,,,,,,,,,,,,,,,,,,,,,,,,,,,,,,,,
242,,,,,,,,,,,,,,,,,,,,,,,,,,,,,,,,,,,,,,,,
243,,,,,,,,,,,,,,,,,,,,,,,,,,,,,,,,,,,,,,,,
244,,,,,,,,,,,,,,,,,,,,,,,,,,,,,,,,,,,,,,,,
245,,,,,,,,,,,,,,,,,,,,,,,,,,,,,,,,,,,,,,,,
246,,,,,,,,,,,,,,,,,,,,,,,,,,,,,,,,,,,,,,,,
247,,,,,,,,,,,,,,,,,,,,,,,,,,,,,,,,,,,,,,,,
248,,,,,,,,,,,,,,,,,,,,,,,,,,,,,,,,,,,,,,,,
249,,,,,,,,,,,,,,,,,,,,,,,,,,,,,,,,,,,,,,,,
250,,,,,,,,,,,,,,,,,,,,,,,,,,,,,,,,,,,,,,,,
251,,,,,,,,,,,,,,,,,,,,,,,,,,,,,,,,,,,,,,,,
252,,,,,,,,,,,,,,,,,,,,,,,,,,,,,,,,,,,,,,,,
253,,,,,,,,,,,,,,,,,,,,,,,,,,,,,,,,,,,,,,,,
254,,,,,,,,,,,,,,,,,,,,,,,,,,,,,,,,,,,,,,,,
255,,,,,,,,,,,,,,,,,,,,,,,,,,,,,,,,,,,,,,,,
256,,,,,,,,,,,,,,,,,,,,,,,,,,,,,,,,,,,,,,,,
257,,,,,,,,,,,,,,,,,,,,,,,,,,,,,,,,,,,,,,,,
258,,,,,,,,,,,,,,,,,,,,,,,,,,,,,,,,,,,,,,,,
259,,,,,,,,,,,,,,,,,,,,,,,,,,,,,,,,,,,,,,,,
260,,,,,,,,,,,,,,,,,,,,,,,,,,,,,,,,,,,,,,,,
261,,,,,,,,,,,,,,,,,,,,,,,,,,,,,,,,,,,,,,,,
262,,,,,,,,,,,,,,,,,,,,,,,,,,,,,,,,,,,,,,,,
